Image/Masks,number of grains,D16,CI D16 (95%),D50,CI D50 (95%),D84,CI D84 (95%),D96,CI D96 (95%),unit,axis,method,grain approximation,NAME
s3p1-0-0_IG1_full_set_1_pred_grains_re_scaled,266,49.0,[46.4 53.8],74.8,[71.4 78.6],126.3,[110. 143.],203.4,[182.7 240.9],mm,a_axis,bootstrapping,ellipse,s3p1-0-0.jpg
s3p1-0-1_IG1_full_set_1_pred_grains_re_scaled,1196,50.1,[48.8 51.2],75.1,[73.1 77.3],127.3,[119.9 133.3],199.6,[182.4 213.2],mm,a_axis,bootstrapping,ellipse,s3p1-0-1.jpg
s3p1-0-2_IG1_full_set_1_pred_grains_re_scaled,1092,49.8,[48.6 51.7],77.0,[74.2 80. ],132.7,[124.6 137.8],220.0,[203.1 240.6],mm,a_axis,bootstrapping,ellipse,s3p1-0-2.jpg
s3p1-0-3_IG1_full_set_1_pred_grains_re_scaled,870,53.5,[51.1 55.1],82.7,[80.5 86.4],148.0,[140.4 158. ],225.1,[211.1 235.6],mm,a_axis,bootstrapping,ellipse,s3p1-0-3.jpg
s3p1-0-4_IG1_full_set_1_pred_grains_re_scaled,1082,49.4,[47.7 51.3],72.5,[70.2 75.5],126.7,[117.5 133.8],206.2,[187.6 239.5],mm,a_axis,bootstrapping,ellipse,s3p1-0-4.jpg
s3p1-0-5_IG1_full_set_1_pred_grains_re_scaled,960,50.3,[48.5 52.2],78.6,[75.6 81.3],149.2,[137.4 160.7],242.2,[228.4 265.8],mm,a_axis,bootstrapping,ellipse,s3p1-0-5.jpg
s3p1-0-6_IG1_full_set_1_pred_grains_re_scaled,1320,50.2,[48.9 51.6],78.4,[75.2 80.8],133.4,[129.1 141. ],214.6,[201.9 232.4],mm,a_axis,bootstrapping,ellipse,s3p1-0-6.jpg
s3p1-0-7_IG1_full_set_1_pred_grains_re_scaled,1522,53.7,[52.1 55.5],88.0,[85.2 90.1],157.6,[151.  165.8],241.2,[226.8 257.2],mm,a_axis,bootstrapping,ellipse,s3p1-0-7.jpg
s3p1-0-8_IG1_full_set_1_pred_grains_re_scaled,1620,49.0,[47.9 50.2],75.6,[73.2 77.7],124.8,[119.8 131.2],194.2,[175.2 207. ],mm,a_axis,bootstrapping,ellipse,s3p1-0-8.jpg
s3p1-0-9_IG1_full_set_1_pred_grains_re_scaled,0,0.0,0.0,0.0,0.0,0.0,0.0,0.0,0.0,mm,a_axis,bootstrapping,ellipse,s3p1-0-9.jpg
s3p1-1-0_IG1_full_set_1_pred_grains_re_scaled,343,51.5,[48.8 55.2],79.0,[74.7 84.7],133.0,[124.1 145.9],215.9,[191.  228.6],mm,a_axis,bootstrapping,ellipse,s3p1-1-0.jpg
s3p1-1-1_IG1_full_set_1_pred_grains_re_scaled,1713,50.3,[49.  51.7],78.8,[76.8 81.7],144.4,[136.8 151.9],232.0,[220.9 242.9],mm,a_axis,bootstrapping,ellipse,s3p1-1-1.jpg
s3p1-1-2_IG1_full_set_1_pred_grains_re_scaled,1707,49.8,[48.7 50.8],78.1,[74.8 80.4],139.9,[133.8 146.4],224.4,[211.8 235.4],mm,a_axis,bootstrapping,ellipse,s3p1-1-2.jpg
s3p1-1-3_IG1_full_set_1_pred_grains_re_scaled,607,57.9,[55.  59.6],92.0,[86.5 98.4],166.5,[151.  181.7],271.0,[237.3 301.4],mm,a_axis,bootstrapping,ellipse,s3p1-1-3.jpg
s3p1-1-4_IG1_full_set_1_pred_grains_re_scaled,1239,52.2,[50.4 53.8],81.9,[78.6 85.3],149.3,[141.7 159.6],243.3,[223.5 262.5],mm,a_axis,bootstrapping,ellipse,s3p1-1-4.jpg
s3p1-1-5_IG1_full_set_1_pred_grains_re_scaled,1440,51.7,[50.3 53.1],82.7,[80.3 85.8],151.1,[143.1 157.8],263.9,[248.1 281.2],mm,a_axis,bootstrapping,ellipse,s3p1-1-5.jpg
s3p1-1-6_IG1_full_set_1_pred_grains_re_scaled,1514,53.0,[51.7 54.4],84.1,[81.2 86.4],146.2,[139.5 153.9],242.2,[226.5 260.7],mm,a_axis,bootstrapping,ellipse,s3p1-1-6.jpg
s3p1-1-7_IG1_full_set_1_pred_grains_re_scaled,2070,51.2,[50.1 52.5],79.1,[77.2 81.5],134.6,[129.5 138.8],206.4,[195.8 220.1],mm,a_axis,bootstrapping,ellipse,s3p1-1-7.jpg
s3p1-1-8_IG1_full_set_1_pred_grains_re_scaled,1853,47.7,[46.7 49. ],71.8,[70.2 73.7],119.5,[115.3 123.6],183.4,[171.  195.3],mm,a_axis,bootstrapping,ellipse,s3p1-1-8.jpg
s3p1-1-9_IG1_full_set_1_pred_grains_re_scaled,9,45.1,[40.  82.2],82.2,[ 44. 100.],96.5,[ 79.4 125.6],117.4,[ 86.9 125.6],mm,a_axis,bootstrapping,ellipse,s3p1-1-9.jpg
s3p1-2-0_IG1_full_set_1_pred_grains_re_scaled,163,50.7,[47.8 53.4],70.7,[65.5 77.7],111.8,[100.9 121. ],177.8,[141.8 217.9],mm,a_axis,bootstrapping,ellipse,s3p1-2-0.jpg
s3p1-2-1_IG1_full_set_1_pred_grains_re_scaled,1454,47.7,[46.9 49. ],71.9,[69.9 73.9],123.6,[117.3 130.3],193.0,[178.9 200.8],mm,a_axis,bootstrapping,ellipse,s3p1-2-1.jpg
s3p1-2-2_IG1_full_set_1_pred_grains_re_scaled,785,49.3,[47.4 50.7],76.8,[73.8 81.3],129.7,[122.2 139.4],206.7,[188.7 238. ],mm,a_axis,bootstrapping,ellipse,s3p1-2-2.jpg
s3p1-2-3_IG1_full_set_1_pred_grains_re_scaled,790,51.6,[49.6 52.9],80.2,[76.7 86. ],151.8,[143.5 160. ],242.0,[218.1 272.1],mm,a_axis,bootstrapping,ellipse,s3p1-2-3.jpg
s3p1-2-4_IG1_full_set_1_pred_grains_re_scaled,1162,51.4,[49.9 53.7],81.5,[78.9 84.7],148.8,[140.1 158.1],248.6,[227.  274.1],mm,a_axis,bootstrapping,ellipse,s3p1-2-4.jpg
s3p1-2-5_IG1_full_set_1_pred_grains_re_scaled,1765,51.7,[50.4 52.7],79.4,[77.1 81.7],141.8,[136.6 147.8],223.7,[211.9 241.4],mm,a_axis,bootstrapping,ellipse,s3p1-2-5.jpg
s3p1-2-6_IG1_full_set_1_pred_grains_re_scaled,1372,55.8,[53.9 57.3],92.8,[90.  96.2],166.3,[158.  173.4],253.2,[237.7 273.3],mm,a_axis,bootstrapping,ellipse,s3p1-2-6.jpg
s3p1-2-7_IG1_full_set_1_pred_grains_re_scaled,896,53.7,[51.9 55.5],82.1,[78.8 86.2],139.1,[133.2 144.9],220.0,[193.6 240.2],mm,a_axis,bootstrapping,ellipse,s3p1-2-7.jpg
s3p1-2-8_IG1_full_set_1_pred_grains_re_scaled,1496,47.2,[46.2 48. ],69.5,[67.7 71.9],123.3,[118.1 130.5],184.9,[175.8 195.7],mm,a_axis,bootstrapping,ellipse,s3p1-2-8.jpg
s3p1-2-9_IG1_full_set_1_pred_grains_re_scaled,513,48.2,[47.1 49.7],69.2,[66.3 72.7],116.5,[108.6 125.8],180.0,[161.7 210.5],mm,a_axis,bootstrapping,ellipse,s3p1-2-9.jpg
s3p1-3-0_IG1_full_set_1_pred_grains_re_scaled,0,0.0,0.0,0.0,0.0,0.0,0.0,0.0,0.0,mm,a_axis,bootstrapping,ellipse,s3p1-3-0.jpg
s3p1-3-1_IG1_full_set_1_pred_grains_re_scaled,554,51.7,[50.2 53.7],78.4,[75.3 83.7],145.0,[137.  167.6],267.6,[237.5 315.7],mm,a_axis,bootstrapping,ellipse,s3p1-3-1.jpg
s3p1-3-2_IG1_full_set_1_pred_grains_re_scaled,471,55.6,[52.1 58.9],96.0,[ 90.7 101.2],184.1,[161.5 197.5],293.8,[255.5 311.3],mm,a_axis,bootstrapping,ellipse,s3p1-3-2.jpg
s3p1-3-3_IG1_full_set_1_pred_grains_re_scaled,1327,52.2,[50.4 53.9],83.7,[81.  85.6],145.4,[135.7 153.9],238.6,[229.2 258.2],mm,a_axis,bootstrapping,ellipse,s3p1-3-3.jpg
s3p1-3-4_IG1_full_set_1_pred_grains_re_scaled,1884,51.2,[49.5 52.3],78.5,[76.1 80.6],130.4,[125.8 134.2],206.5,[193.7 219.1],mm,a_axis,bootstrapping,ellipse,s3p1-3-4.jpg
s3p1-3-5_IG1_full_set_1_pred_grains_re_scaled,842,56.3,[53.4 58. ],88.7,[84.1 93.3],157.5,[147.2 167.7],264.3,[237.  286.5],mm,a_axis,bootstrapping,ellipse,s3p1-3-5.jpg
s3p1-3-6_IG1_full_set_1_pred_grains_re_scaled,307,66.7,[58.5 73.5],123.6,[110.6 133.5],227.0,[208.2 241.8],330.4,[270.7 380.8],mm,a_axis,bootstrapping,ellipse,s3p1-3-6.jpg
s3p1-3-7_IG1_full_set_1_pred_grains_re_scaled,1561,47.4,[46.2 48.5],70.0,[68.1 72.5],120.8,[115.2 124.2],172.6,[164.5 186.9],mm,a_axis,bootstrapping,ellipse,s3p1-3-7.jpg
s3p1-3-8_IG1_full_set_1_pred_grains_re_scaled,1818,48.8,[47.8 49.6],73.4,[71.6 76. ],127.9,[123.8 130.9],188.3,[179.8 198.3],mm,a_axis,bootstrapping,ellipse,s3p1-3-8.jpg
s3p1-3-9_IG1_full_set_1_pred_grains_re_scaled,622,48.8,[45.7 50.4],72.8,[69.1 76.6],132.2,[122.7 147.6],202.5,[194.5 230.5],mm,a_axis,bootstrapping,ellipse,s3p1-3-9.jpg
s3p1-4-0_IG1_full_set_1_pred_grains_re_scaled,13,43.2,[30.9 72.8],83.7,[ 62.4 100.5],115.8,[ 85.1 425.9],301.2,[ 98.7 425.9],mm,a_axis,bootstrapping,ellipse,s3p1-4-0.jpg
s3p1-4-1_IG1_full_set_1_pred_grains_re_scaled,639,57.4,[55.7 60.7],93.9,[ 88.8 100.1],166.4,[156.1 174.1],255.3,[234.4 272.5],mm,a_axis,bootstrapping,ellipse,s3p1-4-1.jpg
s3p1-4-2_IG1_full_set_1_pred_grains_re_scaled,933,54.8,[52.8 58.1],88.5,[84.7 92.9],155.7,[148. 163.],258.8,[240.2 284.7],mm,a_axis,bootstrapping,ellipse,s3p1-4-2.jpg
s3p1-4-3_IG1_full_set_1_pred_grains_re_scaled,2131,49.8,[48.7 51.2],74.4,[72.6 75.9],120.0,[116.4 124.7],187.0,[178.7 199.4],mm,a_axis,bootstrapping,ellipse,s3p1-4-3.jpg
s3p1-4-4_IG1_full_set_1_pred_grains_re_scaled,386,57.0,[54.6 60. ],91.1,[84.6 97.9],164.5,[152.2 175.5],228.7,[208.3 273.5],mm,a_axis,bootstrapping,ellipse,s3p1-4-4.jpg
s3p1-4-5_IG1_full_set_1_pred_grains_re_scaled,73,67.0,[63.  86.2],128.2,[108.  141.3],211.3,[185.5 287.2],352.1,[261.3 385.8],mm,a_axis,bootstrapping,ellipse,s3p1-4-5.jpg
s3p1-4-6_IG1_full_set_1_pred_grains_re_scaled,327,51.3,[49.3 56.8],89.5,[83.2 96.4],181.0,[163.8 227.3],304.2,[280.3 322.2],mm,a_axis,bootstrapping,ellipse,s3p1-4-6.jpg
s3p1-4-7_IG1_full_set_1_pred_grains_re_scaled,1865,47.1,[46.1 48.3],70.6,[69.  72.2],121.3,[117.4 125.3],184.4,[176.8 191.5],mm,a_axis,bootstrapping,ellipse,s3p1-4-7.jpg
s3p1-4-8_IG1_full_set_1_pred_grains_re_scaled,1389,47.7,[46.8 48.7],73.0,[70.6 75.2],123.4,[118.2 128.7],205.1,[183.2 217. ],mm,a_axis,bootstrapping,ellipse,s3p1-4-8.jpg
s3p1-4-9_IG1_full_set_1_pred_grains_re_scaled,393,50.6,[48. 55.],83.0,[78.9 88.1],140.6,[126.9 152.6],245.6,[201.8 280.4],mm,a_axis,bootstrapping,ellipse,s3p1-4-9.jpg
s3p1-5-0_IG1_full_set_1_pred_grains_re_scaled,285,54.2,[50.7 57.8],83.6,[76.7 89.2],133.8,[124.1 143.1],212.3,[178.5 223.4],mm,a_axis,bootstrapping,ellipse,s3p1-5-0.jpg
s3p1-5-1_IG1_full_set_1_pred_grains_re_scaled,1148,49.9,[48.8 51.3],78.2,[74.  80.6],132.2,[126.8 141.2],210.5,[195.2 247.3],mm,a_axis,bootstrapping,ellipse,s3p1-5-1.jpg
s3p1-5-2_IG1_full_set_1_pred_grains_re_scaled,1285,47.8,[46.7 48.9],71.6,[69.3 73.5],123.2,[115.1 127.9],185.2,[176.9 201.6],mm,a_axis,bootstrapping,ellipse,s3p1-5-2.jpg
s3p1-5-3_IG1_full_set_1_pred_grains_re_scaled,170,53.1,[47.  62.9],100.2,[ 93.1 113.8],190.4,[170.8 208. ],270.4,[239.3 346.3],mm,a_axis,bootstrapping,ellipse,s3p1-5-3.jpg
s3p1-5-4_IG1_full_set_1_pred_grains_re_scaled,19,109.3,[ 68.3 148.9],167.3,[129.5 195. ],288.6,[183.6 409.6],460.1,[269.3 687.5],mm,a_axis,bootstrapping,ellipse,s3p1-5-4.jpg
s3p1-5-5_IG1_full_set_1_pred_grains_re_scaled,98,71.9,[56.2 80.4],140.4,[123.6 160.8],227.1,[197.5 281.1],381.4,[282.  450.2],mm,a_axis,bootstrapping,ellipse,s3p1-5-5.jpg
s3p1-5-6_IG1_full_set_1_pred_grains_re_scaled,1212,49.2,[48.  50.7],72.3,[69.6 74. ],118.4,[112.7 127.1],182.8,[168.2 192.6],mm,a_axis,bootstrapping,ellipse,s3p1-5-6.jpg
s3p1-5-7_IG1_full_set_1_pred_grains_re_scaled,1402,47.6,[46.2 48.9],72.3,[70.4 74.6],123.6,[118.1 129.1],198.2,[185.  220.1],mm,a_axis,bootstrapping,ellipse,s3p1-5-7.jpg
s3p1-5-8_IG1_full_set_1_pred_grains_re_scaled,932,51.4,[49.7 53.7],82.4,[79.  85.3],161.5,[151.1 173.4],261.4,[240.5 296.3],mm,a_axis,bootstrapping,ellipse,s3p1-5-8.jpg
s3p1-5-9_IG1_full_set_1_pred_grains_re_scaled,504,52.9,[49.3 54.5],84.6,[78.1 90.3],151.4,[142.9 168.6],253.1,[229.1 286.5],mm,a_axis,bootstrapping,ellipse,s3p1-5-9.jpg
s3p1-6-0_IG1_full_set_1_pred_grains_re_scaled,406,44.7,[43.5 46.5],60.7,[58.2 63.2],94.4,[ 87.6 100.6],152.0,[128.  196.2],mm,a_axis,bootstrapping,ellipse,s3p1-6-0.jpg
s3p1-6-1_IG1_full_set_1_pred_grains_re_scaled,1443,44.8,[43.8 45.6],61.8,[60.6 62.7],92.0,[88.9 95. ],129.9,[120.8 138.2],mm,a_axis,bootstrapping,ellipse,s3p1-6-1.jpg
s3p1-6-2_IG1_full_set_1_pred_grains_re_scaled,1412,43.8,[42.9 44.5],57.9,[56.4 59. ],79.9,[77.6 82.6],107.0,[104.  112.8],mm,a_axis,bootstrapping,ellipse,s3p1-6-2.jpg
s3p1-6-3_IG1_full_set_1_pred_grains_re_scaled,701,43.9,[42.9 44.9],57.2,[55.3 58.9],80.4,[77.1 84.2],115.8,[105.  120.4],mm,a_axis,bootstrapping,ellipse,s3p1-6-3.jpg
s3p1-6-4_IG1_full_set_1_pred_grains_re_scaled,176,45.5,[41.7 48.1],57.9,[55.7 61.3],78.1,[75.1 86.8],111.2,[ 95.2 131.7],mm,a_axis,bootstrapping,ellipse,s3p1-6-4.jpg
s3p1-6-5_IG1_full_set_1_pred_grains_re_scaled,146,48.1,[45.6 53.3],81.5,[69.6 91. ],131.9,[116.7 150.4],184.0,[164.1 197.4],mm,a_axis,bootstrapping,ellipse,s3p1-6-5.jpg
s3p1-6-6_IG1_full_set_1_pred_grains_re_scaled,1408,48.9,[47.6 50.6],74.3,[71.2 77. ],132.8,[126.6 139.9],223.2,[207.  237.1],mm,a_axis,bootstrapping,ellipse,s3p1-6-6.jpg
s3p1-6-7_IG1_full_set_1_pred_grains_re_scaled,517,51.9,[48.8 54.4],89.8,[83.6 95.3],169.4,[152.2 185.7],291.4,[258.4 319.1],mm,a_axis,bootstrapping,ellipse,s3p1-6-7.jpg
s3p1-6-8_IG1_full_set_1_pred_grains_re_scaled,789,47.1,[46.3 48.5],73.8,[71.4 77. ],135.3,[127.2 148.2],248.0,[221.1 264.4],mm,a_axis,bootstrapping,ellipse,s3p1-6-8.jpg
s3p1-6-9_IG1_full_set_1_pred_grains_re_scaled,104,53.8,[45.8 57.9],76.1,[68.8 86.6],141.4,[119.2 193.3],265.3,[202.5 318.3],mm,a_axis,bootstrapping,ellipse,s3p1-6-9.jpg
s3p1-7-0_IG1_full_set_1_pred_grains_re_scaled,0,0.0,0.0,0.0,0.0,0.0,0.0,0.0,0.0,mm,a_axis,bootstrapping,ellipse,s3p1-7-0.jpg
s3p1-7-1_IG1_full_set_1_pred_grains_re_scaled,1678,45.1,[44.5 46.1],61.5,[60.2 62.6],88.1,[85.3 91.4],124.2,[116.6 128. ],mm,a_axis,bootstrapping,ellipse,s3p1-7-1.jpg
s3p1-7-2_IG1_full_set_1_pred_grains_re_scaled,1675,45.1,[44.2 46.1],60.8,[59.6 62.1],90.3,[87.4 93.4],123.5,[119.4 129. ],mm,a_axis,bootstrapping,ellipse,s3p1-7-2.jpg
s3p1-7-3_IG1_full_set_1_pred_grains_re_scaled,1747,44.9,[44.2 45.4],59.4,[58.4 60.7],83.7,[80.9 86.1],114.8,[109.8 119.9],mm,a_axis,bootstrapping,ellipse,s3p1-7-3.jpg
s3p1-7-4_IG1_full_set_1_pred_grains_re_scaled,662,44.4,[43.2 45.5],58.1,[56.  60.3],85.7,[79.7 90.2],133.5,[119.3 143.5],mm,a_axis,bootstrapping,ellipse,s3p1-7-4.jpg
s3p1-7-5_IG1_full_set_1_pred_grains_re_scaled,1071,49.8,[47.9 51.3],77.4,[75.  81.6],140.1,[133.9 149.2],229.4,[215.  258.1],mm,a_axis,bootstrapping,ellipse,s3p1-7-5.jpg
s3p1-7-6_IG1_full_set_1_pred_grains_re_scaled,666,49.4,[47.7 52.4],80.1,[76.6 84.3],154.0,[142.  165.6],255.4,[227.4 273.1],mm,a_axis,bootstrapping,ellipse,s3p1-7-6.jpg
s3p1-7-7_IG1_full_set_1_pred_grains_re_scaled,248,48.1,[44.8 51.1],76.3,[70.5 81.8],137.4,[124.1 145.2],200.0,[169.5 249.8],mm,a_axis,bootstrapping,ellipse,s3p1-7-7.jpg
s3p1-7-8_IG1_full_set_1_pred_grains_re_scaled,3,55.8,[ 45.9 133.6],78.9,[ 45.9 133.6],116.1,[ 45.9 133.6],129.2,[ 45.9 133.6],mm,a_axis,bootstrapping,ellipse,s3p1-7-8.jpg
s3p1-7-9_IG1_full_set_1_pred_grains_re_scaled,0,0.0,0.0,0.0,0.0,0.0,0.0,0.0,0.0,mm,a_axis,bootstrapping,ellipse,s3p1-7-9.jpg
s3p1-8-0_IG1_full_set_1_pred_grains_re_scaled,60,50.0,[47.6 53.3],65.1,[58.9 71. ],96.1,[ 81.2 125.8],128.8,[113.  157.5],mm,a_axis,bootstrapping,ellipse,s3p1-8-0.jpg
s3p1-8-1_IG1_full_set_1_pred_grains_re_scaled,1547,47.2,[46.1 48.2],67.4,[65.8 69. ],104.5,[100.3 107.4],142.6,[136.1 151.6],mm,a_axis,bootstrapping,ellipse,s3p1-8-1.jpg
s3p1-8-2_IG1_full_set_1_pred_grains_re_scaled,1967,45.1,[44.5 46. ],62.7,[61.2 64.1],94.0,[91.9 96.9],135.8,[128.9 142.6],mm,a_axis,bootstrapping,ellipse,s3p1-8-2.jpg
s3p1-8-3_IG1_full_set_1_pred_grains_re_scaled,1039,45.3,[43.9 46.5],61.9,[60.5 64. ],90.9,[87.3 94.8],130.4,[122.  145.5],mm,a_axis,bootstrapping,ellipse,s3p1-8-3.jpg
s3p1-8-4_IG1_full_set_1_pred_grains_re_scaled,418,47.2,[45.  49.8],68.3,[66.  70.6],116.7,[107.7 137.2],202.9,[166.3 223.8],mm,a_axis,bootstrapping,ellipse,s3p1-8-4.jpg
s3p1-8-5_IG1_full_set_1_pred_grains_re_scaled,0,0.0,0.0,0.0,0.0,0.0,0.0,0.0,0.0,mm,a_axis,bootstrapping,ellipse,s3p1-8-5.jpg
s3p1-8-6_IG1_full_set_1_pred_grains_re_scaled,0,0.0,0.0,0.0,0.0,0.0,0.0,0.0,0.0,mm,a_axis,bootstrapping,ellipse,s3p1-8-6.jpg
s3p1-8-7_IG1_full_set_1_pred_grains_re_scaled,0,0.0,0.0,0.0,0.0,0.0,0.0,0.0,0.0,mm,a_axis,bootstrapping,ellipse,s3p1-8-7.jpg
s3p1-8-8_IG1_full_set_1_pred_grains_re_scaled,0,0.0,0.0,0.0,0.0,0.0,0.0,0.0,0.0,mm,a_axis,bootstrapping,ellipse,s3p1-8-8.jpg
s3p1-9-0_IG1_full_set_1_pred_grains_re_scaled,0,0.0,0.0,0.0,0.0,0.0,0.0,0.0,0.0,mm,a_axis,bootstrapping,ellipse,s3p1-9-0.jpg
s3p1-9-1_IG1_full_set_1_pred_grains_re_scaled,220,47.4,[45.5 50.2],64.2,[60.9 68.6],91.6,[85.8 97.6],148.3,[111.3 165.9],mm,a_axis,bootstrapping,ellipse,s3p1-9-1.jpg
s3p1-9-2_IG1_full_set_1_pred_grains_re_scaled,301,48.4,[45.5 49.9],67.3,[64.2 71.1],104.2,[ 96.  113.6],141.8,[131.  159.7],mm,a_axis,bootstrapping,ellipse,s3p1-9-2.jpg
s3p1-9-3_IG1_full_set_1_pred_grains_re_scaled,0,0.0,0.0,0.0,0.0,0.0,0.0,0.0,0.0,mm,a_axis,bootstrapping,ellipse,s3p1-9-3.jpg
s3p1-9-4_IG1_full_set_1_pred_grains_re_scaled,0,0.0,0.0,0.0,0.0,0.0,0.0,0.0,0.0,mm,a_axis,bootstrapping,ellipse,s3p1-9-4.jpg
