Image/Masks,number of grains,D16,CI D16 (95%),D50,CI D50 (95%),D84,CI D84 (95%),D96,CI D96 (95%),unit,axis,method,grain approximation,NAME
s3p2-0-0_IG1_full_set_1_pred_grains_re_scaled,0,0.0,0.0,0.0,0.0,0.0,0.0,0.0,0.0,mm,a_axis,bootstrapping,ellipse,s3p2-0-0.jpg
s3p2-0-1_IG1_full_set_1_pred_grains_re_scaled,0,0.0,0.0,0.0,0.0,0.0,0.0,0.0,0.0,mm,a_axis,bootstrapping,ellipse,s3p2-0-1.jpg
s3p2-0-3_IG1_full_set_1_pred_grains_re_scaled,0,0.0,0.0,0.0,0.0,0.0,0.0,0.0,0.0,mm,a_axis,bootstrapping,ellipse,s3p2-0-3.jpg
s3p2-0-4_IG1_full_set_1_pred_grains_re_scaled,0,0.0,0.0,0.0,0.0,0.0,0.0,0.0,0.0,mm,a_axis,bootstrapping,ellipse,s3p2-0-4.jpg
s3p2-0-5_IG1_full_set_1_pred_grains_re_scaled,0,0.0,0.0,0.0,0.0,0.0,0.0,0.0,0.0,mm,a_axis,bootstrapping,ellipse,s3p2-0-5.jpg
s3p2-0-6_IG1_full_set_1_pred_grains_re_scaled,0,0.0,0.0,0.0,0.0,0.0,0.0,0.0,0.0,mm,a_axis,bootstrapping,ellipse,s3p2-0-6.jpg
s3p2-0-7_IG1_full_set_1_pred_grains_re_scaled,5,72.9,[ 67.5 102.7],95.7,[ 67.5 117.8],111.1,[ 83.4 117.8],116.1,[ 92.6 117.8],mm,a_axis,bootstrapping,ellipse,s3p2-0-7.jpg
s3p2-0-8_IG1_full_set_1_pred_grains_re_scaled,397,52.0,[49.8 54. ],79.0,[75.3 84. ],143.4,[130.2 152.4],216.2,[190.1 242.7],mm,a_axis,bootstrapping,ellipse,s3p2-0-8.jpg
s3p2-0-9_IG1_full_set_1_pred_grains_re_scaled,1227,47.2,[46.6 48. ],66.4,[64.8 68.2],111.2,[105.1 116.8],191.1,[170.4 221.1],mm,a_axis,bootstrapping,ellipse,s3p2-0-9.jpg
s3p2-0-10_IG1_full_set_1_pred_grains_re_scaled,1720,46.0,[45.3 46.6],62.9,[61.7 64.6],103.7,[ 98.7 108.4],168.1,[157.7 177.8],mm,a_axis,bootstrapping,ellipse,s3p2-0-10.jpg
s3p2-0-11_IG1_full_set_1_pred_grains_re_scaled,300,47.5,[44.2 49.6],67.4,[63.2 71.1],95.6,[ 90.3 105.5],144.7,[129.4 158.6],mm,a_axis,bootstrapping,ellipse,s3p2-0-11.jpg
s3p2-0-12_IG1_full_set_1_pred_grains_re_scaled,0,0.0,0.0,0.0,0.0,0.0,0.0,0.0,0.0,mm,a_axis,bootstrapping,ellipse,s3p2-0-12.jpg
s3p2-1-0_IG1_full_set_1_pred_grains_re_scaled,0,0.0,0.0,0.0,0.0,0.0,0.0,0.0,0.0,mm,a_axis,bootstrapping,ellipse,s3p2-1-0.jpg
s3p2-1-1_IG1_full_set_1_pred_grains_re_scaled,0,0.0,0.0,0.0,0.0,0.0,0.0,0.0,0.0,mm,a_axis,bootstrapping,ellipse,s3p2-1-1.jpg
s3p2-1-2_IG1_full_set_1_pred_grains_re_scaled,0,0.0,0.0,0.0,0.0,0.0,0.0,0.0,0.0,mm,a_axis,bootstrapping,ellipse,s3p2-1-2.jpg
s3p2-1-3_IG1_full_set_1_pred_grains_re_scaled,2,88.7,[ 85.4 107.4],96.4,[ 85.4 107.4],103.8,[ 85.4 107.4],106.5,[ 85.4 107.4],mm,a_axis,bootstrapping,ellipse,s3p2-1-3.jpg
s3p2-1-4_IG1_full_set_1_pred_grains_re_scaled,24,46.6,[41.3 58.1],70.1,[55.1 90.2],97.2,[ 82.5 129.1],129.4,[ 95.  132.4],mm,a_axis,bootstrapping,ellipse,s3p2-1-4.jpg
s3p2-1-5_IG1_full_set_1_pred_grains_re_scaled,805,50.1,[48.1 51.6],75.0,[71.6 77.8],133.1,[124.1 142.8],215.8,[195.1 239.3],mm,a_axis,bootstrapping,ellipse,s3p2-1-5.jpg
s3p2-1-6_IG1_full_set_1_pred_grains_re_scaled,685,49.2,[47.6 50.9],76.6,[73.3 79.7],131.1,[121.3 141.5],220.1,[201.4 253. ],mm,a_axis,bootstrapping,ellipse,s3p2-1-6.jpg
s3p2-1-7_IG1_full_set_1_pred_grains_re_scaled,120,52.2,[47.6 59.2],87.3,[77.2 97.3],180.8,[143.6 198.2],252.5,[205.7 314.5],mm,a_axis,bootstrapping,ellipse,s3p2-1-7.jpg
s3p2-1-8_IG1_full_set_1_pred_grains_re_scaled,1305,50.6,[48.9 52.2],79.9,[76.5 83.4],152.5,[143.7 164.4],270.6,[247.9 323.4],mm,a_axis,bootstrapping,ellipse,s3p2-1-8.jpg
s3p2-1-9_IG1_full_set_1_pred_grains_re_scaled,1785,48.9,[48.1 50. ],73.3,[71.3 75.8],125.7,[120.5 133.2],206.5,[194.  225.7],mm,a_axis,bootstrapping,ellipse,s3p2-1-9.jpg
s3p2-1-10_IG1_full_set_1_pred_grains_re_scaled,1937,47.1,[46.1 48.2],69.6,[68.1 71.6],115.1,[110.2 121.1],171.1,[163. 180.],mm,a_axis,bootstrapping,ellipse,s3p2-1-10.jpg
s3p2-1-11_IG1_full_set_1_pred_grains_re_scaled,1180,48.7,[47.4 49.9],70.7,[69.  73.1],106.8,[102.5 113.2],165.9,[155.7 179.6],mm,a_axis,bootstrapping,ellipse,s3p2-1-11.jpg
s3p2-1-12_IG1_full_set_1_pred_grains_re_scaled,0,0.0,0.0,0.0,0.0,0.0,0.0,0.0,0.0,mm,a_axis,bootstrapping,ellipse,s3p2-1-12.jpg
s3p2-2-0_IG1_full_set_1_pred_grains_re_scaled,0,0.0,0.0,0.0,0.0,0.0,0.0,0.0,0.0,mm,a_axis,bootstrapping,ellipse,s3p2-2-0.jpg
s3p2-2-1_IG1_full_set_1_pred_grains_re_scaled,483,56.2,[53.1 58.1],84.4,[79.7 89.5],131.7,[123.2 139.5],192.0,[169.9 212.2],mm,a_axis,bootstrapping,ellipse,s3p2-2-1.jpg
s3p2-2-2_IG1_full_set_1_pred_grains_re_scaled,1828,48.4,[47.3 49.9],73.9,[71.6 76.1],123.7,[119.4 129.5],189.2,[181.4 200.7],mm,a_axis,bootstrapping,ellipse,s3p2-2-2.jpg
s3p2-2-3_IG1_full_set_1_pred_grains_re_scaled,2116,47.4,[46.6 48.7],70.8,[68.9 72.3],119.6,[115.8 124. ],179.4,[171.9 188. ],mm,a_axis,bootstrapping,ellipse,s3p2-2-3.jpg
s3p2-2-4_IG1_full_set_1_pred_grains_re_scaled,859,46.4,[45.4 47.4],63.7,[61.4 65.8],104.6,[ 98.7 109.1],157.1,[144.9 176.3],mm,a_axis,bootstrapping,ellipse,s3p2-2-4.jpg
s3p2-2-5_IG1_full_set_1_pred_grains_re_scaled,489,48.1,[46.1 50.2],72.8,[69.4 76.1],130.7,[119.5 147.8],222.6,[197.7 246.7],mm,a_axis,bootstrapping,ellipse,s3p2-2-5.jpg
s3p2-2-6_IG1_full_set_1_pred_grains_re_scaled,1018,47.9,[46.1 49.7],70.8,[68.8 73.3],120.1,[113.5 125.8],206.0,[186.1 221.8],mm,a_axis,bootstrapping,ellipse,s3p2-2-6.jpg
s3p2-2-7_IG1_full_set_1_pred_grains_re_scaled,1523,46.5,[45.3 47.4],67.8,[65.7 69.1],111.4,[107.6 116.5],170.2,[160.2 186.1],mm,a_axis,bootstrapping,ellipse,s3p2-2-7.jpg
s3p2-2-8_IG1_full_set_1_pred_grains_re_scaled,1488,48.8,[47.3 50.2],75.2,[72.6 78.5],127.7,[121.9 131.6],214.6,[198.6 225.2],mm,a_axis,bootstrapping,ellipse,s3p2-2-8.jpg
s3p2-2-9_IG1_full_set_1_pred_grains_re_scaled,1320,50.3,[48.8 51.7],79.2,[76.6 82.3],145.8,[137.  152.9],232.8,[220.9 252.3],mm,a_axis,bootstrapping,ellipse,s3p2-2-9.jpg
s3p2-2-10_IG1_full_set_1_pred_grains_re_scaled,1429,48.2,[47.  49.2],72.3,[70.1 75. ],137.7,[131.2 145.3],227.2,[215.5 248.1],mm,a_axis,bootstrapping,ellipse,s3p2-2-10.jpg
s3p2-2-11_IG1_full_set_1_pred_grains_re_scaled,1164,46.9,[46.  48.5],70.7,[68.5 73. ],121.8,[115.7 131.3],218.4,[192.1 231.8],mm,a_axis,bootstrapping,ellipse,s3p2-2-11.jpg
s3p2-2-12_IG1_full_set_1_pred_grains_re_scaled,0,0.0,0.0,0.0,0.0,0.0,0.0,0.0,0.0,mm,a_axis,bootstrapping,ellipse,s3p2-2-12.jpg
s3p2-3-0_IG1_full_set_1_pred_grains_re_scaled,1631,50.7,[49.4 52.1],79.9,[77.3 82.3],136.7,[131.3 142.2],213.1,[201.4 222.3],mm,a_axis,bootstrapping,ellipse,s3p2-3-0.jpg
s3p2-3-1_IG1_full_set_1_pred_grains_re_scaled,1759,54.3,[52.8 56. ],89.2,[86.1 91.4],154.8,[149.4 159.5],250.9,[232.  261.7],mm,a_axis,bootstrapping,ellipse,s3p2-3-1.jpg
s3p2-3-2_IG1_full_set_1_pred_grains_re_scaled,2416,47.5,[46.8 48.3],69.8,[68.3 71.7],116.6,[113.3 120.7],172.8,[164.5 184.7],mm,a_axis,bootstrapping,ellipse,s3p2-3-2.jpg
s3p2-3-3_IG1_full_set_1_pred_grains_re_scaled,1864,46.0,[45.3 46.7],63.3,[62.1 64.8],97.1,[93.3 99.4],139.6,[133.1 150.7],mm,a_axis,bootstrapping,ellipse,s3p2-3-3.jpg
s3p2-3-4_IG1_full_set_1_pred_grains_re_scaled,1599,46.2,[45.3 47.2],68.5,[66.9 71.2],116.1,[112.3 120.7],178.8,[165.3 196.4],mm,a_axis,bootstrapping,ellipse,s3p2-3-4.jpg
s3p2-3-5_IG1_full_set_1_pred_grains_re_scaled,1189,46.0,[44.9 46.9],65.5,[63.7 67.9],106.4,[102.  110.3],163.8,[149.1 175. ],mm,a_axis,bootstrapping,ellipse,s3p2-3-5.jpg
s3p2-3-6_IG1_full_set_1_pred_grains_re_scaled,1112,46.3,[44.8 47.3],66.6,[64.8 68.9],108.2,[103.2 115.3],164.1,[156.3 174.4],mm,a_axis,bootstrapping,ellipse,s3p2-3-6.jpg
s3p2-3-7_IG1_full_set_1_pred_grains_re_scaled,851,48.9,[47.  50.9],75.8,[72.4 78.5],129.3,[122.7 137.9],201.6,[189.4 216.7],mm,a_axis,bootstrapping,ellipse,s3p2-3-7.jpg
s3p2-3-8_IG1_full_set_1_pred_grains_re_scaled,1087,49.4,[48.3 51.1],77.4,[74.8 81. ],140.3,[131.5 148.4],220.1,[202.2 245.3],mm,a_axis,bootstrapping,ellipse,s3p2-3-8.jpg
s3p2-3-9_IG1_full_set_1_pred_grains_re_scaled,1305,48.3,[46.7 49.3],72.8,[70.8 75. ],127.7,[121.1 136. ],195.2,[178.6 214.5],mm,a_axis,bootstrapping,ellipse,s3p2-3-9.jpg
s3p2-3-10_IG1_full_set_1_pred_grains_re_scaled,895,47.1,[45.9 49.2],70.7,[68.  73.2],130.3,[119.7 139.7],220.0,[205.  251.8],mm,a_axis,bootstrapping,ellipse,s3p2-3-10.jpg
s3p2-3-11_IG1_full_set_1_pred_grains_re_scaled,1002,46.8,[45.2 47.7],68.8,[66.2 70.8],115.3,[109.6 119.6],190.9,[174.8 213.5],mm,a_axis,bootstrapping,ellipse,s3p2-3-11.jpg
s3p2-3-12_IG1_full_set_1_pred_grains_re_scaled,90,51.6,[45.9 59. ],83.1,[68.8 96.2],127.8,[117.2 138.9],194.8,[138.4 215.2],mm,a_axis,bootstrapping,ellipse,s3p2-3-12.jpg
s3p2-4-0_IG1_full_set_1_pred_grains_re_scaled,1370,55.1,[52.9 56.9],89.5,[86.4 93.1],161.9,[153.6 169.3],248.2,[237.  278.4],mm,a_axis,bootstrapping,ellipse,s3p2-4-0.jpg
s3p2-4-1_IG1_full_set_1_pred_grains_re_scaled,2165,49.6,[48.7 50.4],75.2,[73.3 76.6],126.2,[122.4 131.8],191.3,[181.5 201.4],mm,a_axis,bootstrapping,ellipse,s3p2-4-1.jpg
s3p2-4-2_IG1_full_set_1_pred_grains_re_scaled,1671,45.5,[44.1 46.3],64.1,[62.3 65.9],107.2,[103.7 112.7],175.1,[165.1 187.1],mm,a_axis,bootstrapping,ellipse,s3p2-4-2.jpg
s3p2-4-3_IG1_full_set_1_pred_grains_re_scaled,1876,45.9,[45.2 47. ],66.3,[64.7 67.7],104.5,[101.8 107.2],157.1,[147.6 167. ],mm,a_axis,bootstrapping,ellipse,s3p2-4-3.jpg
s3p2-4-4_IG1_full_set_1_pred_grains_re_scaled,1720,45.7,[45.  46.7],64.5,[63.1 66.3],107.1,[103.1 111.5],155.1,[151.  166.3],mm,a_axis,bootstrapping,ellipse,s3p2-4-4.jpg
s3p2-4-5_IG1_full_set_1_pred_grains_re_scaled,1413,45.0,[43.9 45.9],62.8,[61.  64.8],98.2,[ 93.4 102.2],152.8,[143.7 164.5],mm,a_axis,bootstrapping,ellipse,s3p2-4-5.jpg
s3p2-4-6_IG1_full_set_1_pred_grains_re_scaled,1905,46.2,[45.4 47.2],67.7,[66.1 69.9],108.5,[104. 114.],162.2,[151.5 170.5],mm,a_axis,bootstrapping,ellipse,s3p2-4-6.jpg
s3p2-4-7_IG1_full_set_1_pred_grains_re_scaled,1631,45.7,[44.7 46.8],67.2,[65.2 69.4],114.3,[109.3 119.9],177.5,[159.6 197.9],mm,a_axis,bootstrapping,ellipse,s3p2-4-7.jpg
s3p2-4-8_IG1_full_set_1_pred_grains_re_scaled,1522,48.8,[47.5 49.9],70.9,[69.3 73.9],123.0,[116.7 127.5],202.6,[188.9 218.6],mm,a_axis,bootstrapping,ellipse,s3p2-4-8.jpg
s3p2-4-9_IG1_full_set_1_pred_grains_re_scaled,1514,46.8,[45.8 47.7],69.7,[68.2 71.4],120.4,[115.5 127.8],194.5,[178.9 211.1],mm,a_axis,bootstrapping,ellipse,s3p2-4-9.jpg
s3p2-4-10_IG1_full_set_1_pred_grains_re_scaled,562,47.8,[46.4 49.9],71.7,[68.1 75.6],131.3,[119.5 148. ],222.7,[207.8 251.5],mm,a_axis,bootstrapping,ellipse,s3p2-4-10.jpg
s3p2-4-11_IG1_full_set_1_pred_grains_re_scaled,1031,46.2,[45.2 47.1],65.1,[63.  66.7],108.0,[102.6 114.1],206.3,[176.9 238.1],mm,a_axis,bootstrapping,ellipse,s3p2-4-11.jpg
s3p2-4-12_IG1_full_set_1_pred_grains_re_scaled,244,48.1,[45.2 52.4],72.6,[67.8 76.2],132.6,[119.2 152.4],203.8,[180.8 240.6],mm,a_axis,bootstrapping,ellipse,s3p2-4-12.jpg
s3p2-5-0_IG1_full_set_1_pred_grains_re_scaled,320,52.3,[50.7 55.2],83.0,[77.3 88.4],141.9,[132.4 153.5],213.5,[188.6 288.9],mm,a_axis,bootstrapping,ellipse,s3p2-5-0.jpg
s3p2-5-1_IG1_full_set_1_pred_grains_re_scaled,1201,49.5,[48.  50.9],75.2,[72.5 78.1],126.9,[122.2 133.6],197.2,[180.3 220.8],mm,a_axis,bootstrapping,ellipse,s3p2-5-1.jpg
s3p2-5-2_IG1_full_set_1_pred_grains_re_scaled,1850,47.5,[46.6 48.5],69.2,[67.8 71.2],116.8,[111.4 121.8],180.7,[167.6 192.2],mm,a_axis,bootstrapping,ellipse,s3p2-5-2.jpg
s3p2-5-3_IG1_full_set_1_pred_grains_re_scaled,1235,45.7,[44.4 46.8],68.1,[66.5 70.7],118.7,[112.2 124.1],196.9,[179.5 212.3],mm,a_axis,bootstrapping,ellipse,s3p2-5-3.jpg
s3p2-5-4_IG1_full_set_1_pred_grains_re_scaled,1380,48.5,[47.  49.6],73.7,[71.2 76. ],125.1,[118.5 130.9],197.7,[182.9 214.7],mm,a_axis,bootstrapping,ellipse,s3p2-5-4.jpg
s3p2-5-5_IG1_full_set_1_pred_grains_re_scaled,1148,47.7,[46.3 49.1],73.2,[70.3 75.6],122.6,[116.3 128.1],194.6,[181.1 224.7],mm,a_axis,bootstrapping,ellipse,s3p2-5-5.jpg
s3p2-5-6_IG1_full_set_1_pred_grains_re_scaled,1852,47.3,[46.5 48.4],71.9,[69.3 74.1],119.2,[114.3 125.4],186.7,[179.4 200.1],mm,a_axis,bootstrapping,ellipse,s3p2-5-6.jpg
s3p2-5-7_IG1_full_set_1_pred_grains_re_scaled,1483,48.7,[47.6 49.9],72.5,[70.4 75.2],122.4,[116.6 128.7],195.4,[181.1 210.6],mm,a_axis,bootstrapping,ellipse,s3p2-5-7.jpg
s3p2-5-8_IG1_full_set_1_pred_grains_re_scaled,1627,47.4,[46.8 48.3],71.4,[69.1 73.8],127.0,[120.7 134.8],202.8,[193.  218.5],mm,a_axis,bootstrapping,ellipse,s3p2-5-8.jpg
s3p2-5-9_IG1_full_set_1_pred_grains_re_scaled,1127,50.7,[49.3 52.5],79.6,[77.6 82.5],141.8,[133.2 152.8],244.1,[224.1 268.7],mm,a_axis,bootstrapping,ellipse,s3p2-5-9.jpg
s3p2-5-10_IG1_full_set_1_pred_grains_re_scaled,1341,50.2,[49.1 51.7],78.0,[74.9 80.8],152.0,[141.3 165.2],265.6,[248.3 281.1],mm,a_axis,bootstrapping,ellipse,s3p2-5-10.jpg
s3p2-5-11_IG1_full_set_1_pred_grains_re_scaled,950,49.9,[48.4 51.7],77.1,[73.6 80.8],145.5,[133.3 156.2],250.2,[222.7 285.5],mm,a_axis,bootstrapping,ellipse,s3p2-5-11.jpg
s3p2-5-12_IG1_full_set_1_pred_grains_re_scaled,485,52.7,[50.9 55.5],81.0,[77.2 86.5],145.6,[132.9 155.1],230.7,[211.4 281.6],mm,a_axis,bootstrapping,ellipse,s3p2-5-12.jpg
s3p2-5-13_IG1_full_set_1_pred_grains_re_scaled,0,0.0,0.0,0.0,0.0,0.0,0.0,0.0,0.0,mm,a_axis,bootstrapping,ellipse,s3p2-5-13.jpg
s3p2-6-0_IG1_full_set_1_pred_grains_re_scaled,20,57.1,[45.1 83.8],88.5,[ 81.  139.1],161.2,[107.6 198. ],241.8,[154.9 380.3],mm,a_axis,bootstrapping,ellipse,s3p2-6-0.jpg
s3p2-6-1_IG1_full_set_1_pred_grains_re_scaled,2020,47.8,[46.6 48.8],70.8,[69.1 72.4],116.6,[112.3 120.9],170.1,[164.5 180.4],mm,a_axis,bootstrapping,ellipse,s3p2-6-1.jpg
s3p2-6-2_IG1_full_set_1_pred_grains_re_scaled,1735,48.1,[47.3 49.6],73.7,[71.  75.9],128.4,[124.2 133.8],198.4,[185.1 211.5],mm,a_axis,bootstrapping,ellipse,s3p2-6-2.jpg
s3p2-6-3_IG1_full_set_1_pred_grains_re_scaled,1347,45.1,[43.9 46.5],67.2,[64.6 69.3],117.7,[110.4 123.2],183.1,[168.5 196.2],mm,a_axis,bootstrapping,ellipse,s3p2-6-3.jpg
s3p2-6-4_IG1_full_set_1_pred_grains_re_scaled,1412,48.3,[46.7 49.5],75.2,[73.1 78.1],134.7,[126.6 140.2],221.6,[208.8 231.9],mm,a_axis,bootstrapping,ellipse,s3p2-6-4.jpg
s3p2-6-5_IG1_full_set_1_pred_grains_re_scaled,1386,51.1,[49.7 52.5],82.1,[79.  84.9],149.7,[141.7 159.2],255.5,[235.7 275.7],mm,a_axis,bootstrapping,ellipse,s3p2-6-5.jpg
s3p2-6-6_IG1_full_set_1_pred_grains_re_scaled,1327,51.1,[49.9 52.2],79.3,[76.7 82.2],145.5,[137.8 155.9],234.0,[223.8 245. ],mm,a_axis,bootstrapping,ellipse,s3p2-6-6.jpg
s3p2-6-7_IG1_full_set_1_pred_grains_re_scaled,1699,49.0,[47.7 50.2],74.7,[72.9 77.1],126.6,[121.1 133.8],206.8,[196.4 215.3],mm,a_axis,bootstrapping,ellipse,s3p2-6-7.jpg
s3p2-6-8_IG1_full_set_1_pred_grains_re_scaled,1642,47.4,[46.2 48.2],70.3,[68.1 72.5],122.0,[116.8 126. ],195.5,[182.6 210.1],mm,a_axis,bootstrapping,ellipse,s3p2-6-8.jpg
s3p2-6-9_IG1_full_set_1_pred_grains_re_scaled,1492,47.7,[46.7 48.4],70.5,[68.3 73.2],122.8,[119.  128.5],186.4,[176.6 201.5],mm,a_axis,bootstrapping,ellipse,s3p2-6-9.jpg
s3p2-6-10_IG1_full_set_1_pred_grains_re_scaled,1004,51.5,[50.4 53.6],83.2,[78.7 86.4],149.2,[142.7 158.1],231.8,[212.  248.4],mm,a_axis,bootstrapping,ellipse,s3p2-6-10.jpg
s3p2-6-11_IG1_full_set_1_pred_grains_re_scaled,1331,51.8,[50.3 53.1],79.9,[77.4 82.4],150.4,[142.5 158.4],246.2,[233.9 264. ],mm,a_axis,bootstrapping,ellipse,s3p2-6-11.jpg
s3p2-6-12_IG1_full_set_1_pred_grains_re_scaled,910,51.1,[49.8 53. ],79.9,[76.9 82.5],141.3,[131.6 151.8],239.8,[215.5 260.2],mm,a_axis,bootstrapping,ellipse,s3p2-6-12.jpg
s3p2-6-13_IG1_full_set_1_pred_grains_re_scaled,0,0.0,0.0,0.0,0.0,0.0,0.0,0.0,0.0,mm,a_axis,bootstrapping,ellipse,s3p2-6-13.jpg
s3p2-7-0_IG1_full_set_1_pred_grains_re_scaled,118,47.4,[44.3 52.6],70.6,[65.4 84.3],114.6,[103.5 135. ],157.4,[136.3 202. ],mm,a_axis,bootstrapping,ellipse,s3p2-7-0.jpg
s3p2-7-1_IG1_full_set_1_pred_grains_re_scaled,1634,47.8,[47.  48.6],72.0,[70.1 74.5],123.2,[118.2 127.4],191.4,[181.7 204.1],mm,a_axis,bootstrapping,ellipse,s3p2-7-1.jpg
s3p2-7-2_IG1_full_set_1_pred_grains_re_scaled,1187,49.2,[48.1 50.8],75.5,[73.2 78.2],135.6,[126.5 142.5],232.7,[215.2 249. ],mm,a_axis,bootstrapping,ellipse,s3p2-7-2.jpg
s3p2-7-3_IG1_full_set_1_pred_grains_re_scaled,968,52.8,[51.1 55.2],89.2,[85.5 93.7],176.2,[166.9 185. ],278.4,[253.1 301.3],mm,a_axis,bootstrapping,ellipse,s3p2-7-3.jpg
s3p2-7-4_IG1_full_set_1_pred_grains_re_scaled,923,50.0,[48.3 51.5],76.5,[73.3 79.8],141.8,[131.7 149. ],233.3,[213.9 258.6],mm,a_axis,bootstrapping,ellipse,s3p2-7-4.jpg
s3p2-7-5_IG1_full_set_1_pred_grains_re_scaled,1191,46.5,[45.7 47.6],69.1,[66.7 71.4],127.3,[120.3 136.1],220.8,[198.9 248.6],mm,a_axis,bootstrapping,ellipse,s3p2-7-5.jpg
s3p2-7-6_IG1_full_set_1_pred_grains_re_scaled,1459,46.5,[45.3 47.6],66.6,[64.9 68.8],116.8,[112.2 122.2],192.9,[175.8 214.4],mm,a_axis,bootstrapping,ellipse,s3p2-7-6.jpg
s3p2-7-7_IG1_full_set_1_pred_grains_re_scaled,1698,51.4,[49.9 52.5],81.6,[79.7 84.2],141.9,[136.1 149.6],211.9,[198.8 224.9],mm,a_axis,bootstrapping,ellipse,s3p2-7-7.jpg
s3p2-7-8_IG1_full_set_1_pred_grains_re_scaled,1453,48.4,[47.4 49.7],76.2,[74.2 78.8],137.3,[130.5 142.6],211.3,[202.3 227. ],mm,a_axis,bootstrapping,ellipse,s3p2-7-8.jpg
s3p2-7-9_IG1_full_set_1_pred_grains_re_scaled,1481,47.3,[46.1 48.6],69.9,[67.7 71.6],122.9,[115.9 129.6],209.8,[183.3 221.9],mm,a_axis,bootstrapping,ellipse,s3p2-7-9.jpg
s3p2-7-10_IG1_full_set_1_pred_grains_re_scaled,1186,48.3,[46.8 49.6],74.4,[72.4 78.1],140.9,[134.4 148.3],213.9,[200.8 233.9],mm,a_axis,bootstrapping,ellipse,s3p2-7-10.jpg
s3p2-7-11_IG1_full_set_1_pred_grains_re_scaled,852,51.7,[50.4 53.1],81.6,[79.2 85.4],171.5,[157.1 185.1],296.0,[263.9 327. ],mm,a_axis,bootstrapping,ellipse,s3p2-7-11.jpg
s3p2-7-12_IG1_full_set_1_pred_grains_re_scaled,796,50.6,[49.3 52.3],74.6,[71.8 78.2],151.0,[143.9 163.9],262.8,[228.2 295.5],mm,a_axis,bootstrapping,ellipse,s3p2-7-12.jpg
s3p2-7-13_IG1_full_set_1_pred_grains_re_scaled,0,0.0,0.0,0.0,0.0,0.0,0.0,0.0,0.0,mm,a_axis,bootstrapping,ellipse,s3p2-7-13.jpg
s3p2-8-0_IG1_full_set_1_pred_grains_re_scaled,333,49.6,[47.9 52. ],77.4,[72.  80.9],119.6,[107.3 131.3],183.9,[161.8 210.6],mm,a_axis,bootstrapping,ellipse,s3p2-8-0.jpg
s3p2-8-1_IG1_full_set_1_pred_grains_re_scaled,1079,51.4,[50.2 52.7],80.5,[77.2 84.3],142.5,[136.3 155.4],253.4,[228.3 278.5],mm,a_axis,bootstrapping,ellipse,s3p2-8-1.jpg
s3p2-8-2_IG1_full_set_1_pred_grains_re_scaled,779,49.1,[48.1 50.8],77.8,[73.9 81.8],155.0,[145.8 166.8],269.2,[238.2 289.7],mm,a_axis,bootstrapping,ellipse,s3p2-8-2.jpg
s3p2-8-3_IG1_full_set_1_pred_grains_re_scaled,598,50.1,[47.8 52. ],80.7,[77.  84.4],147.7,[141.5 161.9],249.3,[221.2 265.9],mm,a_axis,bootstrapping,ellipse,s3p2-8-3.jpg
s3p2-8-4_IG1_full_set_1_pred_grains_re_scaled,1243,45.2,[44.  46.6],63.4,[61.8 65.4],106.3,[100.3 112.4],174.4,[161.8 192.4],mm,a_axis,bootstrapping,ellipse,s3p2-8-4.jpg
s3p2-8-5_IG1_full_set_1_pred_grains_re_scaled,1696,48.1,[47.3 49.4],69.9,[68.4 71.7],117.0,[111.7 120.4],190.3,[174.9 206.5],mm,a_axis,bootstrapping,ellipse,s3p2-8-5.jpg
s3p2-8-6_IG1_full_set_1_pred_grains_re_scaled,1603,47.9,[47.1 49.1],73.1,[70.6 75.4],122.7,[119.1 126.8],195.2,[178.2 207.3],mm,a_axis,bootstrapping,ellipse,s3p2-8-6.jpg
s3p2-8-7_IG1_full_set_1_pred_grains_re_scaled,1593,48.2,[47.3 49.1],73.9,[71.7 76.2],137.6,[131.3 142.5],216.2,[201.9 231.6],mm,a_axis,bootstrapping,ellipse,s3p2-8-7.jpg
s3p2-8-8_IG1_full_set_1_pred_grains_re_scaled,1537,49.5,[48.1 51.1],77.4,[75.2 80.4],147.8,[140.2 154.1],244.0,[227.4 261.2],mm,a_axis,bootstrapping,ellipse,s3p2-8-8.jpg
s3p2-8-9_IG1_full_set_1_pred_grains_re_scaled,999,51.3,[49.6 52.1],82.0,[77.6 85.6],161.2,[152.9 171.1],276.6,[245.7 291. ],mm,a_axis,bootstrapping,ellipse,s3p2-8-9.jpg
s3p2-8-10_IG1_full_set_1_pred_grains_re_scaled,2047,48.7,[47.5 49.5],71.5,[69.9 73.4],115.3,[112.  118.1],183.7,[174.3 209.6],mm,a_axis,bootstrapping,ellipse,s3p2-8-10.jpg
s3p2-8-11_IG1_full_set_1_pred_grains_re_scaled,1373,49.9,[48.8 51.8],77.4,[75.3 80.1],129.5,[122.9 134.1],196.4,[183.6 208.4],mm,a_axis,bootstrapping,ellipse,s3p2-8-11.jpg
s3p2-8-12_IG1_full_set_1_pred_grains_re_scaled,1540,47.8,[46.9 49. ],71.6,[69.4 73.8],112.5,[108.6 117.3],163.3,[155.5 173.8],mm,a_axis,bootstrapping,ellipse,s3p2-8-12.jpg
s3p2-8-13_IG1_full_set_1_pred_grains_re_scaled,0,0.0,0.0,0.0,0.0,0.0,0.0,0.0,0.0,mm,a_axis,bootstrapping,ellipse,s3p2-8-13.jpg
s3p2-9-0_IG1_full_set_1_pred_grains_re_scaled,0,0.0,0.0,0.0,0.0,0.0,0.0,0.0,0.0,mm,a_axis,bootstrapping,ellipse,s3p2-9-0.jpg
s3p2-9-1_IG1_full_set_1_pred_grains_re_scaled,119,53.4,[45.  63.8],104.8,[ 85.  121.2],199.7,[168.3 227. ],286.8,[237.2 302.3],mm,a_axis,bootstrapping,ellipse,s3p2-9-1.jpg
s3p2-9-2_IG1_full_set_1_pred_grains_re_scaled,333,46.7,[45.2 49.4],71.8,[66.2 77.2],133.2,[118. 158.],232.5,[215.  279.2],mm,a_axis,bootstrapping,ellipse,s3p2-9-2.jpg
s3p2-9-3_IG1_full_set_1_pred_grains_re_scaled,64,55.6,[50.5 64.8],98.6,[ 82.3 107.5],172.4,[130.1 252.2],303.3,[229.2 413.4],mm,a_axis,bootstrapping,ellipse,s3p2-9-3.jpg
s3p2-9-4_IG1_full_set_1_pred_grains_re_scaled,256,53.0,[49.2 57.4],94.0,[ 84.4 105. ],215.4,[184.4 233.6],311.0,[272.7 347.7],mm,a_axis,bootstrapping,ellipse,s3p2-9-4.jpg
s3p2-9-5_IG1_full_set_1_pred_grains_re_scaled,367,48.2,[46.5 50.8],75.8,[69.5 80.8],172.5,[140.1 196.4],323.8,[251.4 353. ],mm,a_axis,bootstrapping,ellipse,s3p2-9-5.jpg
s3p2-9-6_IG1_full_set_1_pred_grains_re_scaled,689,47.8,[46.3 49.9],73.6,[70.7 76.8],133.8,[126.6 150. ],230.3,[204.6 257.6],mm,a_axis,bootstrapping,ellipse,s3p2-9-6.jpg
s3p2-9-7_IG1_full_set_1_pred_grains_re_scaled,762,49.3,[47.9 50.7],73.3,[70.  76.4],138.1,[128.9 148. ],258.7,[218.7 294. ],mm,a_axis,bootstrapping,ellipse,s3p2-9-7.jpg
s3p2-9-8_IG1_full_set_1_pred_grains_re_scaled,840,52.3,[51.  54.1],85.3,[81.2 88.1],153.2,[145.  163.2],258.4,[226.3 298.3],mm,a_axis,bootstrapping,ellipse,s3p2-9-8.jpg
s3p2-9-9_IG1_full_set_1_pred_grains_re_scaled,1243,51.6,[50.3 53.1],77.7,[75.8 80.9],134.0,[128.6 138.4],220.3,[197.4 243.6],mm,a_axis,bootstrapping,ellipse,s3p2-9-9.jpg
s3p2-9-10_IG1_full_set_1_pred_grains_re_scaled,1065,47.1,[45.5 48.1],69.0,[66.3 72.4],112.1,[106.2 117.4],164.7,[148.8 188. ],mm,a_axis,bootstrapping,ellipse,s3p2-9-10.jpg
s3p2-9-11_IG1_full_set_1_pred_grains_re_scaled,1963,47.7,[46.8 49. ],70.0,[68.8 71.9],117.3,[112.  121.2],175.4,[165.7 186.7],mm,a_axis,bootstrapping,ellipse,s3p2-9-11.jpg
s3p2-9-12_IG1_full_set_1_pred_grains_re_scaled,1105,45.6,[44.2 47. ],67.1,[64.6 69.5],119.2,[111.3 125.2],195.8,[173.9 215.3],mm,a_axis,bootstrapping,ellipse,s3p2-9-12.jpg
s3p2-9-13_IG1_full_set_1_pred_grains_re_scaled,126,50.7,[48.5 56.7],89.4,[ 78.9 103.9],160.6,[132.5 191.9],244.5,[195.5 310.8],mm,a_axis,bootstrapping,ellipse,s3p2-9-13.jpg
s3p2-10-0_IG1_full_set_1_pred_grains_re_scaled,0,0.0,0.0,0.0,0.0,0.0,0.0,0.0,0.0,mm,a_axis,bootstrapping,ellipse,s3p2-10-0.jpg
s3p2-10-1_IG1_full_set_1_pred_grains_re_scaled,0,0.0,0.0,0.0,0.0,0.0,0.0,0.0,0.0,mm,a_axis,bootstrapping,ellipse,s3p2-10-1.jpg
s3p2-10-2_IG1_full_set_1_pred_grains_re_scaled,0,0.0,0.0,0.0,0.0,0.0,0.0,0.0,0.0,mm,a_axis,bootstrapping,ellipse,s3p2-10-2.jpg
s3p2-10-3_IG1_full_set_1_pred_grains_re_scaled,0,0.0,0.0,0.0,0.0,0.0,0.0,0.0,0.0,mm,a_axis,bootstrapping,ellipse,s3p2-10-3.jpg
s3p2-10-4_IG1_full_set_1_pred_grains_re_scaled,0,0.0,0.0,0.0,0.0,0.0,0.0,0.0,0.0,mm,a_axis,bootstrapping,ellipse,s3p2-10-4.jpg
s3p2-10-5_IG1_full_set_1_pred_grains_re_scaled,0,0.0,0.0,0.0,0.0,0.0,0.0,0.0,0.0,mm,a_axis,bootstrapping,ellipse,s3p2-10-5.jpg
s3p2-10-6_IG1_full_set_1_pred_grains_re_scaled,0,0.0,0.0,0.0,0.0,0.0,0.0,0.0,0.0,mm,a_axis,bootstrapping,ellipse,s3p2-10-6.jpg
s3p2-10-7_IG1_full_set_1_pred_grains_re_scaled,563,51.9,[49.7 54.6],86.3,[81.6 93.7],139.6,[132.9 152.9],212.6,[199.7 226.2],mm,a_axis,bootstrapping,ellipse,s3p2-10-7.jpg
s3p2-10-8_IG1_full_set_1_pred_grains_re_scaled,1063,54.2,[52.7 56.1],87.3,[84.2 90.1],166.8,[154.1 174.5],279.0,[259.2 295. ],mm,a_axis,bootstrapping,ellipse,s3p2-10-8.jpg
s3p2-10-9_IG1_full_set_1_pred_grains_re_scaled,1503,48.2,[47.  49.2],72.3,[70.1 74.3],120.9,[116.  126.8],198.5,[184.9 220.1],mm,a_axis,bootstrapping,ellipse,s3p2-10-9.jpg
s3p2-10-10_IG1_full_set_1_pred_grains_re_scaled,1828,47.6,[46.6 48.5],72.7,[70.8 74.9],128.0,[121.4 133.8],213.4,[199.7 232.7],mm,a_axis,bootstrapping,ellipse,s3p2-10-10.jpg
s3p2-10-11_IG1_full_set_1_pred_grains_re_scaled,1374,46.9,[45.9 48. ],72.0,[70.3 73.9],127.9,[123.8 132.4],198.4,[185.6 218.5],mm,a_axis,bootstrapping,ellipse,s3p2-10-11.jpg
s3p2-10-12_IG1_full_set_1_pred_grains_re_scaled,1025,47.7,[46.3 49.1],72.8,[70.2 75.2],138.1,[130.6 149.2],229.5,[213.2 257.1],mm,a_axis,bootstrapping,ellipse,s3p2-10-12.jpg
s3p2-10-13_IG1_full_set_1_pred_grains_re_scaled,94,51.8,[42.6 54.3],71.5,[67.  77.9],101.7,[ 94.  131.9],149.3,[131.1 222.6],mm,a_axis,bootstrapping,ellipse,s3p2-10-13.jpg
s3p2-11-6_IG1_full_set_1_pred_grains_re_scaled,0,0.0,0.0,0.0,0.0,0.0,0.0,0.0,0.0,mm,a_axis,bootstrapping,ellipse,s3p2-11-6.jpg
s3p2-11-7_IG1_full_set_1_pred_grains_re_scaled,0,0.0,0.0,0.0,0.0,0.0,0.0,0.0,0.0,mm,a_axis,bootstrapping,ellipse,s3p2-11-7.jpg
s3p2-11-8_IG1_full_set_1_pred_grains_re_scaled,732,49.7,[47.6 51.4],78.7,[74.7 82.6],130.5,[123.9 142.2],211.0,[191.2 259.3],mm,a_axis,bootstrapping,ellipse,s3p2-11-8.jpg
s3p2-11-9_IG1_full_set_1_pred_grains_re_scaled,1598,48.1,[47.1 49.6],74.1,[71.9 75.6],126.8,[120.7 131.4],205.4,[184.5 220.4],mm,a_axis,bootstrapping,ellipse,s3p2-11-9.jpg
s3p2-11-10_IG1_full_set_1_pred_grains_re_scaled,713,46.9,[45.5 48.3],69.1,[66.  72.6],124.3,[114.2 134.2],198.1,[185.5 219.3],mm,a_axis,bootstrapping,ellipse,s3p2-11-10.jpg
s3p2-11-11_IG1_full_set_1_pred_grains_re_scaled,62,50.7,[44.5 53.8],71.3,[62.4 89.9],114.2,[ 98.6 175.8],232.0,[147.2 298.2],mm,a_axis,bootstrapping,ellipse,s3p2-11-11.jpg
s3p2-11-12_IG1_full_set_1_pred_grains_re_scaled,0,0.0,0.0,0.0,0.0,0.0,0.0,0.0,0.0,mm,a_axis,bootstrapping,ellipse,s3p2-11-12.jpg
s3p2-11-13_IG1_full_set_1_pred_grains_re_scaled,0,0.0,0.0,0.0,0.0,0.0,0.0,0.0,0.0,mm,a_axis,bootstrapping,ellipse,s3p2-11-13.jpg
