Image/Masks,number of grains,D16,CI D16 (95%),D50,CI D50 (95%),D84,CI D84 (95%),D96,CI D96 (95%),unit,axis,method,grain approximation,NAME
sense1-0-0_IG1_full_set_1_pred_grains_re_scaled,0,0.0,0.0,0.0,0.0,0.0,0.0,0.0,0.0,mm,a_axis,bootstrapping,ellipse,sense1-0-0.jpg
sense1-0-1_IG1_full_set_1_pred_grains_re_scaled,57,53.5,[45.9 61.6],72.5,[65.2 85.6],115.2,[ 98.2 145.7],192.9,[122.6 245.3],mm,a_axis,bootstrapping,ellipse,sense1-0-1.jpg
sense1-0-2_IG1_full_set_1_pred_grains_re_scaled,690,46.6,[44.5 47.6],65.8,[62.9 69.4],103.3,[ 99.  109.7],150.1,[135.1 169.3],mm,a_axis,bootstrapping,ellipse,sense1-0-2.jpg
sense1-0-3_IG1_full_set_1_pred_grains_re_scaled,1152,46.8,[45.7 48. ],67.1,[65.1 69.4],113.7,[108.1 118.1],168.8,[159.7 177.9],mm,a_axis,bootstrapping,ellipse,sense1-0-3.jpg
sense1-0-4_IG1_full_set_1_pred_grains_re_scaled,1834,45.0,[44.1 45.8],62.6,[61.6 64.2],96.6,[93.3 98.7],146.5,[139.7 155. ],mm,a_axis,bootstrapping,ellipse,sense1-0-4.jpg
sense1-0-5_IG1_full_set_1_pred_grains_re_scaled,2172,45.3,[44.4 46.1],63.6,[62.5 65.1],99.5,[ 95.8 103.1],156.4,[144.3 165.1],mm,a_axis,bootstrapping,ellipse,sense1-0-5.jpg
sense1-0-6_IG1_full_set_1_pred_grains_re_scaled,2480,45.7,[44.9 46.2],63.3,[62.1 64.7],100.9,[ 97.9 103.7],153.0,[145.1 164.8],mm,a_axis,bootstrapping,ellipse,sense1-0-6.jpg
sense1-0-7_IG1_full_set_1_pred_grains_re_scaled,1916,46.1,[45.3 46.8],66.7,[64.9 68.2],111.7,[106.8 116.9],183.2,[168.2 194.4],mm,a_axis,bootstrapping,ellipse,sense1-0-7.jpg
sense1-0-8_IG1_full_set_1_pred_grains_re_scaled,1822,47.2,[46.  48.2],72.3,[70.4 74.6],127.5,[121.1 134.2],223.3,[202.1 236. ],mm,a_axis,bootstrapping,ellipse,sense1-0-8.jpg
sense1-0-9_IG1_full_set_1_pred_grains_re_scaled,738,50.8,[48.9 52.5],85.7,[81.8 90.8],183.8,[168.5 199.3],308.4,[278.6 344.1],mm,a_axis,bootstrapping,ellipse,sense1-0-9.jpg
sense1-0-10_IG1_full_set_1_pred_grains_re_scaled,900,47.1,[46.1 48.4],77.7,[73.5 81.5],170.9,[155.7 184.3],317.7,[285.1 352.3],mm,a_axis,bootstrapping,ellipse,sense1-0-10.jpg
sense1-0-11_IG1_full_set_1_pred_grains_re_scaled,966,49.1,[48.  50.5],77.9,[75.1 82.8],166.2,[153.8 181.5],306.2,[271.1 339.8],mm,a_axis,bootstrapping,ellipse,sense1-0-11.jpg
sense1-0-12_IG1_full_set_1_pred_grains_re_scaled,1584,46.5,[45.6 47.5],69.4,[67.6 71.5],123.2,[118.3 128.2],215.0,[201.8 225.4],mm,a_axis,bootstrapping,ellipse,sense1-0-12.jpg
sense1-0-13_IG1_full_set_1_pred_grains_re_scaled,1082,47.2,[45.6 48.6],78.0,[74.4 82.4],150.5,[141.1 159.9],249.3,[233.7 268.3],mm,a_axis,bootstrapping,ellipse,sense1-0-13.jpg
sense1-0-14_IG1_full_set_1_pred_grains_re_scaled,175,55.2,[49.4 60.2],86.2,[76.2 96.4],151.2,[128.8 172.4],222.4,[186.3 246.5],mm,a_axis,bootstrapping,ellipse,sense1-0-14.jpg
sense1-1-0_IG1_full_set_1_pred_grains_re_scaled,1923,48.1,[47.3 49.3],71.7,[69.5 73.1],112.6,[108.6 116.9],164.7,[158.4 173.3],mm,a_axis,bootstrapping,ellipse,sense1-1-0.jpg
sense1-1-1_IG1_full_set_1_pred_grains_re_scaled,2372,45.4,[44.8 45.9],64.0,[62.9 65.5],101.2,[ 98.2 103.3],147.5,[142.3 153.4],mm,a_axis,bootstrapping,ellipse,sense1-1-1.jpg
sense1-1-2_IG1_full_set_1_pred_grains_re_scaled,2392,45.7,[45.2 46.3],66.5,[65.1 68.1],105.8,[103.  108.2],156.3,[148.3 161.7],mm,a_axis,bootstrapping,ellipse,sense1-1-2.jpg
sense1-1-3_IG1_full_set_1_pred_grains_re_scaled,2640,47.5,[46.5 48.3],69.8,[68.4 71.1],113.8,[110.7 116.5],167.7,[158.7 176.5],mm,a_axis,bootstrapping,ellipse,sense1-1-3.jpg
sense1-1-4_IG1_full_set_1_pred_grains_re_scaled,2575,46.4,[45.7 47.2],68.2,[67.1 69.5],111.1,[107.5 115.3],173.1,[164.5 182.7],mm,a_axis,bootstrapping,ellipse,sense1-1-4.jpg
sense1-1-5_IG1_full_set_1_pred_grains_re_scaled,2333,46.3,[45.8 47. ],69.7,[68.5 71.4],112.5,[109.3 117. ],179.9,[171.  190.9],mm,a_axis,bootstrapping,ellipse,sense1-1-5.jpg
sense1-1-6_IG1_full_set_1_pred_grains_re_scaled,2347,45.7,[45.  46.5],66.5,[64.8 67.9],106.6,[103.  110.6],173.2,[161.2 189.3],mm,a_axis,bootstrapping,ellipse,sense1-1-6.jpg
sense1-1-7_IG1_full_set_1_pred_grains_re_scaled,2256,45.7,[44.9 46.6],66.8,[65.5 68.2],111.5,[107.5 117.2],183.0,[174.3 196.9],mm,a_axis,bootstrapping,ellipse,sense1-1-7.jpg
sense1-1-8_IG1_full_set_1_pred_grains_re_scaled,2011,46.7,[45.8 47.9],70.6,[68.5 72.2],121.3,[116.8 128.7],208.0,[196.2 220.8],mm,a_axis,bootstrapping,ellipse,sense1-1-8.jpg
sense1-1-9_IG1_full_set_1_pred_grains_re_scaled,1145,53.2,[51.7 54.3],85.6,[83.  89.1],167.0,[152.1 175. ],273.8,[256.3 293. ],mm,a_axis,bootstrapping,ellipse,sense1-1-9.jpg
sense1-1-10_IG1_full_set_1_pred_grains_re_scaled,631,55.5,[51.7 58.1],95.9,[ 89.7 100.5],207.3,[187.3 228.2],333.1,[291.2 359.2],mm,a_axis,bootstrapping,ellipse,sense1-1-10.jpg
sense1-1-11_IG1_full_set_1_pred_grains_re_scaled,750,51.5,[48.6 53.8],99.7,[ 92.1 106.8],225.8,[205.9 238.6],315.4,[294.8 352.4],mm,a_axis,bootstrapping,ellipse,sense1-1-11.jpg
sense1-1-12_IG1_full_set_1_pred_grains_re_scaled,971,54.3,[52.  56.4],98.8,[ 94.4 103.6],204.6,[186.3 214.9],323.8,[303.5 350.3],mm,a_axis,bootstrapping,ellipse,sense1-1-12.jpg
sense1-1-13_IG1_full_set_1_pred_grains_re_scaled,1234,49.2,[47.5 51.1],85.2,[81.6 89.2],166.0,[155.  177.1],309.6,[277.9 352.2],mm,a_axis,bootstrapping,ellipse,sense1-1-13.jpg
sense1-1-14_IG1_full_set_1_pred_grains_re_scaled,943,55.0,[52.6 56. ],93.6,[90.3 97.3],190.7,[176.1 201. ],315.7,[284.  338.3],mm,a_axis,bootstrapping,ellipse,sense1-1-14.jpg
sense1-1-15_IG1_full_set_1_pred_grains_re_scaled,58,67.2,[59. 87.],145.9,[119.5 175.7],260.0,[192. 385.],427.6,[281.2 560.8],mm,a_axis,bootstrapping,ellipse,sense1-1-15.jpg
sense1-2-0_IG1_full_set_1_pred_grains_re_scaled,333,46.0,[43.6 48. ],66.7,[62.8 70.2],110.2,[100.  127.1],201.5,[156.6 223.5],mm,a_axis,bootstrapping,ellipse,sense1-2-0.jpg
sense1-2-1_IG1_full_set_1_pred_grains_re_scaled,1054,44.7,[43.5 45.6],63.7,[61.9 65.3],97.8,[ 93.4 100.5],153.4,[139.6 177.7],mm,a_axis,bootstrapping,ellipse,sense1-2-1.jpg
sense1-2-2_IG1_full_set_1_pred_grains_re_scaled,933,45.8,[44.6 47.3],66.2,[64.1 68.1],106.9,[101.7 116. ],182.5,[159.2 209.6],mm,a_axis,bootstrapping,ellipse,sense1-2-2.jpg
sense1-2-3_IG1_full_set_1_pred_grains_re_scaled,858,46.5,[45.  48.1],71.6,[68.5 74.9],123.0,[113.4 128.8],205.2,[178.3 234.9],mm,a_axis,bootstrapping,ellipse,sense1-2-3.jpg
sense1-2-4_IG1_full_set_1_pred_grains_re_scaled,1334,45.4,[44.5 46.1],63.7,[62.1 65.6],102.1,[ 97.6 106.2],185.7,[162.1 205.1],mm,a_axis,bootstrapping,ellipse,sense1-2-4.jpg
sense1-2-5_IG1_full_set_1_pred_grains_re_scaled,1262,46.0,[45.  47.3],67.9,[65.5 70.3],111.0,[105.9 116.2],181.2,[164.5 200. ],mm,a_axis,bootstrapping,ellipse,sense1-2-5.jpg
sense1-2-6_IG1_full_set_1_pred_grains_re_scaled,1062,47.7,[46.6 48.9],72.1,[69.8 74.2],120.0,[114.2 128.2],200.3,[182.6 219.6],mm,a_axis,bootstrapping,ellipse,sense1-2-6.jpg
sense1-2-7_IG1_full_set_1_pred_grains_re_scaled,1691,44.7,[43.9 45.6],65.7,[63.8 67.8],106.6,[101.4 110.7],175.8,[157.7 190. ],mm,a_axis,bootstrapping,ellipse,sense1-2-7.jpg
sense1-2-8_IG1_full_set_1_pred_grains_re_scaled,1105,48.0,[46.9 49.3],72.6,[70.3 75.6],126.5,[120.1 133.6],224.8,[194.4 247.6],mm,a_axis,bootstrapping,ellipse,sense1-2-8.jpg
sense1-2-9_IG1_full_set_1_pred_grains_re_scaled,1197,46.9,[46.  48.4],72.2,[69.8 74.5],130.8,[122.3 141.9],212.4,[199.5 219.5],mm,a_axis,bootstrapping,ellipse,sense1-2-9.jpg
sense1-2-10_IG1_full_set_1_pred_grains_re_scaled,1201,48.8,[47.4 50.5],77.0,[75.  79.3],149.2,[139.7 157.9],249.5,[234.8 272.8],mm,a_axis,bootstrapping,ellipse,sense1-2-10.jpg
sense1-2-11_IG1_full_set_1_pred_grains_re_scaled,1255,49.7,[48. 51.],81.5,[77.9 84.7],156.8,[146.9 168.5],271.5,[252.8 284.9],mm,a_axis,bootstrapping,ellipse,sense1-2-11.jpg
sense1-2-12_IG1_full_set_1_pred_grains_re_scaled,1206,50.1,[48.5 51.9],82.8,[79.6 85.5],173.7,[164.4 182.4],298.4,[277.  326.7],mm,a_axis,bootstrapping,ellipse,sense1-2-12.jpg
sense1-2-13_IG1_full_set_1_pred_grains_re_scaled,1373,51.7,[49.1 53.4],85.0,[82.2 89. ],173.5,[164.2 184.7],299.8,[271.  326.2],mm,a_axis,bootstrapping,ellipse,sense1-2-13.jpg
sense1-2-14_IG1_full_set_1_pred_grains_re_scaled,1384,51.1,[49.2 52.6],87.4,[83.  91.3],177.7,[167.5 188.9],297.0,[278.8 326.9],mm,a_axis,bootstrapping,ellipse,sense1-2-14.jpg
sense1-2-15_IG1_full_set_1_pred_grains_re_scaled,1131,52.0,[50.4 53.8],91.4,[86.8 95.9],182.4,[168.6 196.4],327.0,[298.1 353.2],mm,a_axis,bootstrapping,ellipse,sense1-2-15.jpg
sense1-2-16_IG1_full_set_1_pred_grains_re_scaled,16,58.1,[52.4 79.7],92.6,[ 77.6 143.9],156.8,[124.2 316.4],275.8,[149.8 397.5],mm,a_axis,bootstrapping,ellipse,sense1-2-16.jpg
sense1-3-0_IG1_full_set_1_pred_grains_re_scaled,0,0.0,0.0,0.0,0.0,0.0,0.0,0.0,0.0,mm,a_axis,bootstrapping,ellipse,sense1-3-0.jpg
sense1-3-1_IG1_full_set_1_pred_grains_re_scaled,0,0.0,0.0,0.0,0.0,0.0,0.0,0.0,0.0,mm,a_axis,bootstrapping,ellipse,sense1-3-1.jpg
sense1-3-2_IG1_full_set_1_pred_grains_re_scaled,568,45.3,[43.5 46.9],61.9,[60.2 63.9],92.3,[87.8 96.9],150.7,[128.7 171. ],mm,a_axis,bootstrapping,ellipse,sense1-3-2.jpg
sense1-3-3_IG1_full_set_1_pred_grains_re_scaled,545,46.1,[44.4 48.7],67.4,[65.  69.1],102.2,[ 95.5 108.2],193.1,[161.1 215.2],mm,a_axis,bootstrapping,ellipse,sense1-3-3.jpg
sense1-3-4_IG1_full_set_1_pred_grains_re_scaled,1919,46.0,[45.2 47.1],67.2,[65.7 68.9],119.7,[112.4 126.3],220.0,[201.3 230.2],mm,a_axis,bootstrapping,ellipse,sense1-3-4.jpg
sense1-3-5_IG1_full_set_1_pred_grains_re_scaled,1661,47.6,[46.6 48.8],74.2,[71.8 76.4],134.3,[127.6 141.5],253.1,[236.8 277. ],mm,a_axis,bootstrapping,ellipse,sense1-3-5.jpg
sense1-3-6_IG1_full_set_1_pred_grains_re_scaled,1515,47.1,[46.4 48.2],72.3,[70.  74.7],134.8,[126.4 142.6],237.4,[214.9 255. ],mm,a_axis,bootstrapping,ellipse,sense1-3-6.jpg
sense1-3-7_IG1_full_set_1_pred_grains_re_scaled,1183,50.3,[48.8 52. ],77.7,[74.8 80.4],141.0,[134.9 146.8],244.1,[219.3 266.9],mm,a_axis,bootstrapping,ellipse,sense1-3-7.jpg
sense1-3-8_IG1_full_set_1_pred_grains_re_scaled,1562,46.1,[45.2 47.1],68.9,[67.1 71.7],124.3,[118.4 129.5],205.9,[184.9 222.9],mm,a_axis,bootstrapping,ellipse,sense1-3-8.jpg
sense1-3-9_IG1_full_set_1_pred_grains_re_scaled,1418,45.3,[44.5 46. ],70.1,[67.3 72.3],125.7,[118.7 133.2],211.9,[201.3 227. ],mm,a_axis,bootstrapping,ellipse,sense1-3-9.jpg
sense1-3-10_IG1_full_set_1_pred_grains_re_scaled,1564,46.2,[45.1 47.2],66.7,[64.9 69.2],123.0,[115.1 128.9],238.3,[215.4 259.4],mm,a_axis,bootstrapping,ellipse,sense1-3-10.jpg
sense1-3-11_IG1_full_set_1_pred_grains_re_scaled,1222,47.3,[46.2 48.8],73.6,[70.8 76.8],139.0,[130.9 145. ],251.7,[218.9 272.3],mm,a_axis,bootstrapping,ellipse,sense1-3-11.jpg
sense1-3-12_IG1_full_set_1_pred_grains_re_scaled,1244,50.5,[49.1 52.1],79.5,[77.1 83.9],152.9,[143.7 162.6],258.5,[235.3 294.2],mm,a_axis,bootstrapping,ellipse,sense1-3-12.jpg
sense1-3-13_IG1_full_set_1_pred_grains_re_scaled,1308,50.6,[49.1 52. ],81.8,[78.9 84.7],161.7,[153.2 176.7],295.4,[273.5 321.9],mm,a_axis,bootstrapping,ellipse,sense1-3-13.jpg
sense1-3-14_IG1_full_set_1_pred_grains_re_scaled,1555,48.4,[47.  49.5],81.8,[78.8 85.1],164.5,[153.5 173.5],274.4,[255.2 293. ],mm,a_axis,bootstrapping,ellipse,sense1-3-14.jpg
sense1-3-15_IG1_full_set_1_pred_grains_re_scaled,1331,50.3,[49.  51.9],81.8,[78.8 85.2],180.8,[165.5 192.8],314.0,[290.1 326.4],mm,a_axis,bootstrapping,ellipse,sense1-3-15.jpg
sense1-3-16_IG1_full_set_1_pred_grains_re_scaled,1038,50.7,[48.6 52.4],85.4,[82.3 89.9],172.6,[164.1 184.2],309.0,[291. 324.],mm,a_axis,bootstrapping,ellipse,sense1-3-16.jpg
sense1-3-17_IG1_full_set_1_pred_grains_re_scaled,0,0.0,0.0,0.0,0.0,0.0,0.0,0.0,0.0,mm,a_axis,bootstrapping,ellipse,sense1-3-17.jpg
sense1-4-5_IG1_full_set_1_pred_grains_re_scaled,0,0.0,0.0,0.0,0.0,0.0,0.0,0.0,0.0,mm,a_axis,bootstrapping,ellipse,sense1-4-5.jpg
sense1-4-6_IG1_full_set_1_pred_grains_re_scaled,82,49.5,[43.3 57.7],66.2,[61.9 74.6],119.7,[ 97.5 150.5],193.8,[137.3 235.6],mm,a_axis,bootstrapping,ellipse,sense1-4-6.jpg
sense1-4-7_IG1_full_set_1_pred_grains_re_scaled,0,0.0,0.0,0.0,0.0,0.0,0.0,0.0,0.0,mm,a_axis,bootstrapping,ellipse,sense1-4-7.jpg
sense1-4-8_IG1_full_set_1_pred_grains_re_scaled,315,49.5,[46.7 52.4],77.2,[71.3 81.9],139.0,[125.7 160.9],241.4,[206.2 286.4],mm,a_axis,bootstrapping,ellipse,sense1-4-8.jpg
sense1-4-9_IG1_full_set_1_pred_grains_re_scaled,873,48.9,[46.8 50.4],77.9,[74.7 82.2],143.7,[134.7 157.6],261.2,[241.7 285. ],mm,a_axis,bootstrapping,ellipse,sense1-4-9.jpg
sense1-4-10_IG1_full_set_1_pred_grains_re_scaled,1565,49.3,[47.9 50.6],78.2,[75.9 81.1],153.2,[141.4 161.5],252.3,[236.9 267.9],mm,a_axis,bootstrapping,ellipse,sense1-4-10.jpg
sense1-4-11_IG1_full_set_1_pred_grains_re_scaled,1674,49.5,[48.  50.7],77.1,[74.6 79.9],151.4,[144.7 160.5],253.5,[239.8 270.1],mm,a_axis,bootstrapping,ellipse,sense1-4-11.jpg
sense1-4-12_IG1_full_set_1_pred_grains_re_scaled,1623,49.1,[48.  50.3],76.3,[74.7 78.8],138.8,[132. 146.],252.6,[233.  265.7],mm,a_axis,bootstrapping,ellipse,sense1-4-12.jpg
sense1-4-13_IG1_full_set_1_pred_grains_re_scaled,1652,48.0,[47.3 49.3],73.1,[70.9 75.3],134.2,[127.8 141.8],249.3,[225.9 263.7],mm,a_axis,bootstrapping,ellipse,sense1-4-13.jpg
sense1-4-14_IG1_full_set_1_pred_grains_re_scaled,1552,49.3,[47.8 50.9],80.0,[77.9 82.5],148.3,[140.6 158.5],280.0,[249.7 299.9],mm,a_axis,bootstrapping,ellipse,sense1-4-14.jpg
sense1-4-15_IG1_full_set_1_pred_grains_re_scaled,1501,51.3,[49.9 52.7],82.7,[79.1 85.8],167.5,[156.8 175. ],283.4,[266.8 301.1],mm,a_axis,bootstrapping,ellipse,sense1-4-15.jpg
sense1-4-16_IG1_full_set_1_pred_grains_re_scaled,1411,49.8,[48.2 51.6],85.1,[80.5 89.6],181.6,[169.7 194.5],303.1,[288.6 318.8],mm,a_axis,bootstrapping,ellipse,sense1-4-16.jpg
sense1-4-17_IG1_full_set_1_pred_grains_re_scaled,931,52.7,[50.2 55.1],90.6,[87.1 96.6],206.9,[188.9 215.2],307.8,[293.  317.5],mm,a_axis,bootstrapping,ellipse,sense1-4-17.jpg
sense1-4-18_IG1_full_set_1_pred_grains_re_scaled,9,82.0,[ 56.  166.7],156.1,[ 78.6 294.9],275.3,[156.1 415.1],376.6,[223.3 415.1],mm,a_axis,bootstrapping,ellipse,sense1-4-18.jpg
sense1-5-11_IG1_full_set_1_pred_grains_re_scaled,209,50.5,[47.3 54.5],78.7,[72.6 86.3],152.3,[130.3 179.6],232.3,[210.  265.2],mm,a_axis,bootstrapping,ellipse,sense1-5-11.jpg
sense1-5-12_IG1_full_set_1_pred_grains_re_scaled,288,48.1,[45.4 50.2],76.2,[70.3 80.5],134.2,[118.4 145. ],196.3,[176.3 273.8],mm,a_axis,bootstrapping,ellipse,sense1-5-12.jpg
sense1-5-13_IG1_full_set_1_pred_grains_re_scaled,230,46.9,[45.  51.6],71.8,[66.5 76.2],123.1,[111.1 143.4],245.6,[196.9 288.8],mm,a_axis,bootstrapping,ellipse,sense1-5-13.jpg
sense1-5-14_IG1_full_set_1_pred_grains_re_scaled,1108,48.0,[46.9 50. ],71.3,[69.3 73. ],126.5,[121.4 135.2],229.4,[215.4 253.7],mm,a_axis,bootstrapping,ellipse,sense1-5-14.jpg
sense1-5-15_IG1_full_set_1_pred_grains_re_scaled,1238,48.8,[47.6 50.3],75.8,[73.6 79.2],142.3,[136.6 148. ],253.3,[231.7 271. ],mm,a_axis,bootstrapping,ellipse,sense1-5-15.jpg
sense1-5-16_IG1_full_set_1_pred_grains_re_scaled,1500,50.0,[48.5 51.1],81.4,[78.2 85.2],154.9,[145.7 163. ],268.7,[250.6 290.1],mm,a_axis,bootstrapping,ellipse,sense1-5-16.jpg
sense1-5-17_IG1_full_set_1_pred_grains_re_scaled,1430,50.3,[48.6 51.8],82.7,[80.5 85.3],178.2,[167.1 189.1],303.0,[280.  316.8],mm,a_axis,bootstrapping,ellipse,sense1-5-17.jpg
sense1-5-18_IG1_full_set_1_pred_grains_re_scaled,355,49.2,[47.3 52.7],89.3,[81.9 96.1],172.7,[155.3 183.6],270.8,[261.6 281.4],mm,a_axis,bootstrapping,ellipse,sense1-5-18.jpg
sense1-6-15_IG1_full_set_1_pred_grains_re_scaled,0,0.0,0.0,0.0,0.0,0.0,0.0,0.0,0.0,mm,a_axis,bootstrapping,ellipse,sense1-6-15.jpg
sense1-6-16_IG1_full_set_1_pred_grains_re_scaled,139,46.8,[43.2 52. ],77.6,[72.5 83.6],146.3,[119.4 162.3],213.6,[173.5 236.6],mm,a_axis,bootstrapping,ellipse,sense1-6-16.jpg
sense1-6-17_IG1_full_set_1_pred_grains_re_scaled,705,50.1,[48.2 51.4],75.9,[73.3 81.3],142.1,[135.3 160.1],249.7,[229.  265.5],mm,a_axis,bootstrapping,ellipse,sense1-6-17.jpg
sense1-6-18_IG1_full_set_1_pred_grains_re_scaled,452,48.1,[47.  50.8],75.3,[70.9 79.5],141.7,[128.5 159.1],230.4,[207.2 256.9],mm,a_axis,bootstrapping,ellipse,sense1-6-18.jpg
