Image/Masks,number of grains,D16,CI D16 (95%),D50,CI D50 (95%),D84,CI D84 (95%),D96,CI D96 (95%),unit,axis,method,grain approximation,NAME
sense4_b1-0-3_IG1_full_set_1_pred_grains_re_scaled,546,56.4,[53.7 59.6],91.2,[85.  97.8],180.0,[161.7 200.3],301.1,[280.4 332.7],mm,a_axis,bootstrapping,ellipse,sense4_b1-0-3.jpg
sense4_b1-0-4_IG1_full_set_1_pred_grains_re_scaled,156,67.5,[59.  77.9],133.4,[121.8 155.9],276.2,[226.4 328.9],420.1,[382.3 532.5],mm,a_axis,bootstrapping,ellipse,sense4_b1-0-4.jpg
sense4_b1-0-5_IG1_full_set_1_pred_grains_re_scaled,44,60.7,[53.7 69.5],93.0,[ 74.5 113.5],188.9,[124.6 252.6],264.3,[198.9 305.7],mm,a_axis,bootstrapping,ellipse,sense4_b1-0-5.jpg
sense4_b1-1-3_IG1_full_set_1_pred_grains_re_scaled,537,55.4,[53.  59.3],97.8,[ 91.5 103.3],187.5,[170.2 203.4],342.6,[300.8 385.3],mm,a_axis,bootstrapping,ellipse,sense4_b1-1-3.jpg
sense4_b1-1-4_IG1_full_set_1_pred_grains_re_scaled,461,50.8,[47.8 53.5],85.6,[80.  90.8],195.0,[173.2 218.1],412.6,[323.  442.1],mm,a_axis,bootstrapping,ellipse,sense4_b1-1-4.jpg
sense4_b1-1-5_IG1_full_set_1_pred_grains_re_scaled,501,56.3,[53.5 58.9],93.9,[ 87.5 103. ],191.5,[171.9 212.3],337.6,[286.4 379.6],mm,a_axis,bootstrapping,ellipse,sense4_b1-1-5.jpg
sense4_b1-1-6_IG1_full_set_1_pred_grains_re_scaled,12,46.1,[35.8 65.9],74.3,[ 50.6 168.6],195.3,[ 85.  297.4],274.5,[148.3 297.4],mm,a_axis,bootstrapping,ellipse,sense4_b1-1-6.jpg
sense4_b1-2-0_IG1_full_set_1_pred_grains_re_scaled,602,51.2,[48.9 52.9],85.5,[80.8 89.8],161.8,[148.4 181.2],279.2,[262.6 324.8],mm,a_axis,bootstrapping,ellipse,sense4_b1-2-0.jpg
sense4_b1-2-1_IG1_full_set_1_pred_grains_re_scaled,1062,54.8,[53.1 56.4],92.9,[90.2 96.3],178.5,[164.4 188.7],282.3,[263.4 310.7],mm,a_axis,bootstrapping,ellipse,sense4_b1-2-1.jpg
sense4_b1-2-2_IG1_full_set_1_pred_grains_re_scaled,3,57.3,[51.3 74.4],71.2,[51.3 74.4],73.4,[51.3 74.4],74.2,[51.3 74.4],mm,a_axis,bootstrapping,ellipse,sense4_b1-2-2.jpg
sense4_b1-2-3_IG1_full_set_1_pred_grains_re_scaled,1215,53.8,[51.8 55.1],84.4,[81.3 87. ],153.5,[143.6 164.8],263.0,[237.6 292.5],mm,a_axis,bootstrapping,ellipse,sense4_b1-2-3.jpg
sense4_b1-2-4_IG1_full_set_1_pred_grains_re_scaled,693,55.5,[53.5 60.5],96.9,[ 91.8 104. ],203.7,[188.1 221.1],369.9,[320.2 415. ],mm,a_axis,bootstrapping,ellipse,sense4_b1-2-4.jpg
sense4_b1-2-5_IG1_full_set_1_pred_grains_re_scaled,631,55.6,[53.6 58.6],95.5,[ 89.8 102.9],200.9,[182.4 217.3],312.3,[287.5 347.7],mm,a_axis,bootstrapping,ellipse,sense4_b1-2-5.jpg
sense4_b1-2-6_IG1_full_set_1_pred_grains_re_scaled,403,52.2,[49.7 55.8],88.5,[82.2 94.8],166.3,[154.2 187.3],345.5,[261.3 383.9],mm,a_axis,bootstrapping,ellipse,sense4_b1-2-6.jpg
sense4_b1-3-0_IG1_full_set_1_pred_grains_re_scaled,1647,51.7,[50.1 53.3],83.8,[80.7 86.7],148.3,[141.7 154.1],224.0,[212.5 232.1],mm,a_axis,bootstrapping,ellipse,sense4_b1-3-0.jpg
sense4_b1-3-1_IG1_full_set_1_pred_grains_re_scaled,1303,52.1,[50.5 53.6],83.4,[80.6 86. ],145.2,[139.7 150.9],225.6,[214.6 238.6],mm,a_axis,bootstrapping,ellipse,sense4_b1-3-1.jpg
sense4_b1-3-2_IG1_full_set_1_pred_grains_re_scaled,383,49.4,[47.1 51.5],73.4,[70.3 76.4],122.4,[110.6 135. ],210.9,[171.  228.1],mm,a_axis,bootstrapping,ellipse,sense4_b1-3-2.jpg
sense4_b1-3-3_IG1_full_set_1_pred_grains_re_scaled,606,52.1,[50.  53.9],81.2,[77.5 87. ],154.0,[143.7 168.6],266.2,[244.2 295.3],mm,a_axis,bootstrapping,ellipse,sense4_b1-3-3.jpg
sense4_b1-3-4_IG1_full_set_1_pred_grains_re_scaled,1247,53.5,[51.6 55.1],86.8,[83.4 92.2],171.4,[164.2 180.4],289.3,[270.1 311.1],mm,a_axis,bootstrapping,ellipse,sense4_b1-3-4.jpg
sense4_b1-3-5_IG1_full_set_1_pred_grains_re_scaled,623,59.2,[55.4 63.9],102.1,[ 96.6 108. ],207.4,[195.8 218.9],329.4,[300.7 364. ],mm,a_axis,bootstrapping,ellipse,sense4_b1-3-5.jpg
sense4_b1-3-6_IG1_full_set_1_pred_grains_re_scaled,503,59.8,[55.6 62.1],100.6,[ 92.9 106.7],187.2,[171.6 201. ],297.6,[263. 341.],mm,a_axis,bootstrapping,ellipse,sense4_b1-3-6.jpg
sense4_b1-3-7_IG1_full_set_1_pred_grains_re_scaled,0,0.0,0.0,0.0,0.0,0.0,0.0,0.0,0.0,mm,a_axis,bootstrapping,ellipse,sense4_b1-3-7.jpg
sense4_b1-4-0_IG1_full_set_1_pred_grains_re_scaled,1563,53.3,[51.5 55. ],86.2,[83.3 88.3],147.8,[143.2 153.7],233.4,[219.4 254.2],mm,a_axis,bootstrapping,ellipse,sense4_b1-4-0.jpg
sense4_b1-4-1_IG1_full_set_1_pred_grains_re_scaled,1395,49.2,[48.1 50.8],73.9,[72.3 76.5],127.0,[120.2 132.7],215.5,[202.4 227.8],mm,a_axis,bootstrapping,ellipse,sense4_b1-4-1.jpg
sense4_b1-4-2_IG1_full_set_1_pred_grains_re_scaled,1009,48.8,[46.5 50.2],75.5,[72.1 77.9],128.9,[123.2 138.4],203.7,[189.9 215.4],mm,a_axis,bootstrapping,ellipse,sense4_b1-4-2.jpg
sense4_b1-4-3_IG1_full_set_1_pred_grains_re_scaled,140,53.8,[50.7 57.9],84.2,[77.4 98.2],158.1,[141.9 167.4],249.4,[181.  327.2],mm,a_axis,bootstrapping,ellipse,sense4_b1-4-3.jpg
sense4_b1-4-4_IG1_full_set_1_pred_grains_re_scaled,805,55.2,[52.3 57.6],96.7,[ 92.4 101.1],194.8,[176.  205.5],354.0,[301.9 389.9],mm,a_axis,bootstrapping,ellipse,sense4_b1-4-4.jpg
sense4_b1-4-5_IG1_full_set_1_pred_grains_re_scaled,504,61.1,[56.8 64.5],107.0,[ 97.6 116.3],225.4,[203.1 246. ],335.9,[319.4 369.3],mm,a_axis,bootstrapping,ellipse,sense4_b1-4-5.jpg
sense4_b1-4-6_IG1_full_set_1_pred_grains_re_scaled,1221,54.7,[53.3 56.4],91.7,[88.3 96.8],177.3,[168.4 191.2],315.9,[292.  332.3],mm,a_axis,bootstrapping,ellipse,sense4_b1-4-6.jpg
sense4_b1-4-7_IG1_full_set_1_pred_grains_re_scaled,5,59.9,[ 49.1 105. ],92.8,[ 49.1 337.7],194.0,[ 76.3 337.7],301.8,[ 88.7 337.7],mm,a_axis,bootstrapping,ellipse,sense4_b1-4-7.jpg
sense4_b1-5-0_IG1_full_set_1_pred_grains_re_scaled,981,53.1,[50.5 54.7],85.8,[81.2 89.8],161.3,[150.1 169.1],253.4,[237. 278.],mm,a_axis,bootstrapping,ellipse,sense4_b1-5-0.jpg
sense4_b1-5-1_IG1_full_set_1_pred_grains_re_scaled,1392,54.1,[52.1 55.6],88.4,[86.1 91.4],161.8,[153.9 172.5],262.7,[243.2 273.2],mm,a_axis,bootstrapping,ellipse,sense4_b1-5-1.jpg
sense4_b1-5-2_IG1_full_set_1_pred_grains_re_scaled,817,54.2,[51.4 57. ],88.3,[84.1 91.4],160.3,[148.9 168.4],254.8,[235.3 282. ],mm,a_axis,bootstrapping,ellipse,sense4_b1-5-2.jpg
sense4_b1-5-3_IG1_full_set_1_pred_grains_re_scaled,924,50.3,[48.5 52. ],79.6,[76.7 82.9],148.1,[138.3 159.2],261.0,[235.8 294.8],mm,a_axis,bootstrapping,ellipse,sense4_b1-5-3.jpg
sense4_b1-5-4_IG1_full_set_1_pred_grains_re_scaled,819,55.5,[53.  58.2],90.7,[86.5 95.9],181.9,[165.7 193.3],307.0,[266.7 337.3],mm,a_axis,bootstrapping,ellipse,sense4_b1-5-4.jpg
sense4_b1-5-5_IG1_full_set_1_pred_grains_re_scaled,547,56.8,[54.  59.2],94.5,[ 91.5 100.7],180.9,[170.1 194.3],295.9,[263.8 329.2],mm,a_axis,bootstrapping,ellipse,sense4_b1-5-5.jpg
sense4_b1-5-6_IG1_full_set_1_pred_grains_re_scaled,1549,50.6,[48.9 52.1],79.3,[76.6 81.9],147.4,[138.7 152.7],234.9,[219.3 248.4],mm,a_axis,bootstrapping,ellipse,sense4_b1-5-6.jpg
sense4_b1-5-7_IG1_full_set_1_pred_grains_re_scaled,0,0.0,0.0,0.0,0.0,0.0,0.0,0.0,0.0,mm,a_axis,bootstrapping,ellipse,sense4_b1-5-7.jpg
sense4_b1-6-0_IG1_full_set_1_pred_grains_re_scaled,751,51.3,[49.6 54.3],84.1,[79.3 87.3],147.4,[137.  157.8],227.8,[213.1 260.4],mm,a_axis,bootstrapping,ellipse,sense4_b1-6-0.jpg
sense4_b1-6-1_IG1_full_set_1_pred_grains_re_scaled,573,54.8,[52.2 56.9],88.3,[83.4 91.3],159.9,[147.6 174.2],282.6,[252.7 306.5],mm,a_axis,bootstrapping,ellipse,sense4_b1-6-1.jpg
sense4_b1-6-2_IG1_full_set_1_pred_grains_re_scaled,967,50.9,[49.2 52.6],79.1,[75.9 82.1],133.5,[126.8 140.7],209.3,[194.3 226.7],mm,a_axis,bootstrapping,ellipse,sense4_b1-6-2.jpg
sense4_b1-6-3_IG1_full_set_1_pred_grains_re_scaled,1028,49.3,[47.9 50.6],72.5,[70.3 75. ],125.1,[118.1 132.4],231.7,[203.3 254.5],mm,a_axis,bootstrapping,ellipse,sense4_b1-6-3.jpg
sense4_b1-6-4_IG1_full_set_1_pred_grains_re_scaled,1088,51.2,[49.8 52.7],83.9,[80.5 86.9],150.9,[141.3 159. ],245.9,[223.6 268.3],mm,a_axis,bootstrapping,ellipse,sense4_b1-6-4.jpg
sense4_b1-6-5_IG1_full_set_1_pred_grains_re_scaled,732,59.2,[56.6 63.1],95.2,[92.4 99.9],174.6,[160.8 195.6],291.9,[254.8 308.7],mm,a_axis,bootstrapping,ellipse,sense4_b1-6-5.jpg
sense4_b1-6-6_IG1_full_set_1_pred_grains_re_scaled,1174,53.0,[50.7 54. ],84.6,[81.6 87.4],151.7,[144.4 158. ],224.8,[204.1 239.5],mm,a_axis,bootstrapping,ellipse,sense4_b1-6-6.jpg
sense4_b1-6-7_IG1_full_set_1_pred_grains_re_scaled,0,0.0,0.0,0.0,0.0,0.0,0.0,0.0,0.0,mm,a_axis,bootstrapping,ellipse,sense4_b1-6-7.jpg
sense4_b1-7-0_IG1_full_set_1_pred_grains_re_scaled,66,68.4,[56.7 80.4],113.6,[ 96.6 154.4],261.2,[188.6 328.2],447.9,[277.7 528.2],mm,a_axis,bootstrapping,ellipse,sense4_b1-7-0.jpg
sense4_b1-7-1_IG1_full_set_1_pred_grains_re_scaled,1190,49.6,[48.2 51.2],77.8,[75.1 79.5],135.2,[129.1 141. ],233.3,[213.7 256.8],mm,a_axis,bootstrapping,ellipse,sense4_b1-7-1.jpg
sense4_b1-7-2_IG1_full_set_1_pred_grains_re_scaled,559,52.0,[49.5 55.8],93.0,[ 86.8 100. ],183.9,[167.1 198. ],309.3,[280.1 363.8],mm,a_axis,bootstrapping,ellipse,sense4_b1-7-2.jpg
sense4_b1-7-3_IG1_full_set_1_pred_grains_re_scaled,869,51.3,[50.2 53.3],82.2,[78.2 85.2],153.0,[142.1 165.8],243.3,[233.4 275.1],mm,a_axis,bootstrapping,ellipse,sense4_b1-7-3.jpg
sense4_b1-7-4_IG1_full_set_1_pred_grains_re_scaled,898,52.6,[50.6 54.4],89.1,[84.6 94.3],176.6,[162.3 185.9],292.5,[263.4 345.5],mm,a_axis,bootstrapping,ellipse,sense4_b1-7-4.jpg
sense4_b1-7-5_IG1_full_set_1_pred_grains_re_scaled,45,49.2,[46.3 53.2],69.0,[57.  86.5],132.7,[ 92.3 166.6],212.5,[144.4 627.9],mm,a_axis,bootstrapping,ellipse,sense4_b1-7-5.jpg
sense4_b1-7-6_IG1_full_set_1_pred_grains_re_scaled,1054,52.7,[50.7 54.4],85.7,[82.1 89.6],146.9,[138.7 152.4],247.9,[221.4 258.7],mm,a_axis,bootstrapping,ellipse,sense4_b1-7-6.jpg
sense4_b1-8-0_IG1_full_set_1_pred_grains_re_scaled,0,0.0,0.0,0.0,0.0,0.0,0.0,0.0,0.0,mm,a_axis,bootstrapping,ellipse,sense4_b1-8-0.jpg
sense4_b1-8-1_IG1_full_set_1_pred_grains_re_scaled,1373,49.0,[47.6 50.4],75.1,[72.3 78.9],141.5,[134.7 147.9],236.3,[218.6 255.6],mm,a_axis,bootstrapping,ellipse,sense4_b1-8-1.jpg
sense4_b1-8-2_IG1_full_set_1_pred_grains_re_scaled,1105,50.8,[48.8 53.5],89.2,[84.8 94.3],171.2,[161.8 178.9],275.9,[251.9 294.4],mm,a_axis,bootstrapping,ellipse,sense4_b1-8-2.jpg
sense4_b1-8-3_IG1_full_set_1_pred_grains_re_scaled,1308,49.7,[48.6 51. ],77.8,[74.8 81.8],150.8,[143.8 162.1],274.3,[244.5 299.9],mm,a_axis,bootstrapping,ellipse,sense4_b1-8-3.jpg
sense4_b1-8-4_IG1_full_set_1_pred_grains_re_scaled,651,50.3,[48.4 52.4],84.2,[78.2 89.4],186.0,[169.7 219.3],409.1,[358.3 451.4],mm,a_axis,bootstrapping,ellipse,sense4_b1-8-4.jpg
sense4_b1-8-5_IG1_full_set_1_pred_grains_re_scaled,242,46.5,[44.6 48.7],64.6,[61.9 68.7],111.3,[100.1 118.1],175.2,[135.7 216.6],mm,a_axis,bootstrapping,ellipse,sense4_b1-8-5.jpg
sense4_b1-8-6_IG1_full_set_1_pred_grains_re_scaled,383,61.9,[57.2 67. ],119.1,[106.9 130.2],229.1,[213.9 243.9],336.8,[297.8 361.4],mm,a_axis,bootstrapping,ellipse,sense4_b1-8-6.jpg
sense4_b1-8-7_IG1_full_set_1_pred_grains_re_scaled,5,77.1,[ 58.9 131.2],97.1,[ 58.9 250.2],188.6,[ 92.  250.2],234.8,[ 95.9 250.2],mm,a_axis,bootstrapping,ellipse,sense4_b1-8-7.jpg
sense4_b1-9-1_IG1_full_set_1_pred_grains_re_scaled,950,49.0,[47.1 50.6],75.3,[72.1 78.3],137.2,[125.6 147.9],293.8,[264.2 324.3],mm,a_axis,bootstrapping,ellipse,sense4_b1-9-1.jpg
sense4_b1-9-2_IG1_full_set_1_pred_grains_re_scaled,1413,51.4,[49.7 53.4],84.1,[80.7 87.6],155.6,[147.4 163.1],256.5,[241.  275.6],mm,a_axis,bootstrapping,ellipse,sense4_b1-9-2.jpg
sense4_b1-9-3_IG1_full_set_1_pred_grains_re_scaled,996,51.9,[49.7 53.6],90.9,[84.9 95.8],192.6,[179.2 210.3],327.2,[297.8 351.7],mm,a_axis,bootstrapping,ellipse,sense4_b1-9-3.jpg
sense4_b1-9-4_IG1_full_set_1_pred_grains_re_scaled,699,54.6,[51.7 57.4],95.2,[89.9 99.5],212.8,[192.9 232.7],380.2,[340.8 475.2],mm,a_axis,bootstrapping,ellipse,sense4_b1-9-4.jpg
sense4_b1-9-5_IG1_full_set_1_pred_grains_re_scaled,984,51.6,[49.9 52.9],85.5,[81.6 89.9],185.1,[167.5 200.6],309.3,[288.  336.5],mm,a_axis,bootstrapping,ellipse,sense4_b1-9-5.jpg
sense4_b1-9-6_IG1_full_set_1_pred_grains_re_scaled,1517,52.0,[51.2 53.4],86.6,[83.5 89.2],161.0,[150.7 169.7],265.7,[247.5 284. ],mm,a_axis,bootstrapping,ellipse,sense4_b1-9-6.jpg
sense4_b1-9-7_IG1_full_set_1_pred_grains_re_scaled,909,46.3,[45.7 47.4],70.0,[67.8 72.6],118.2,[109.  126.4],241.5,[215.3 259.9],mm,a_axis,bootstrapping,ellipse,sense4_b1-9-7.jpg
sense4_b1-10-1_IG1_full_set_1_pred_grains_re_scaled,285,56.1,[53.5 60.3],97.1,[ 90.3 103.3],205.1,[176.8 231.7],325.6,[272.6 369.8],mm,a_axis,bootstrapping,ellipse,sense4_b1-10-1.jpg
sense4_b1-10-2_IG1_full_set_1_pred_grains_re_scaled,1393,49.6,[48.2 51. ],83.6,[80.1 85.8],159.6,[152.9 165. ],249.0,[234.2 269. ],mm,a_axis,bootstrapping,ellipse,sense4_b1-10-2.jpg
sense4_b1-10-3_IG1_full_set_1_pred_grains_re_scaled,1357,49.9,[48.5 51.4],82.3,[79.3 84.5],154.7,[147.7 164.6],257.4,[239.8 288.5],mm,a_axis,bootstrapping,ellipse,sense4_b1-10-3.jpg
sense4_b1-10-4_IG1_full_set_1_pred_grains_re_scaled,743,55.5,[52.2 57.1],95.9,[ 90.4 101.3],202.8,[186.2 223. ],379.2,[341.  486.7],mm,a_axis,bootstrapping,ellipse,sense4_b1-10-4.jpg
sense4_b1-10-5_IG1_full_set_1_pred_grains_re_scaled,1023,48.1,[46.5 49.7],72.2,[69.5 74.4],129.4,[119.4 138.2],204.4,[190.1 228.3],mm,a_axis,bootstrapping,ellipse,sense4_b1-10-5.jpg
sense4_b1-10-6_IG1_full_set_1_pred_grains_re_scaled,1467,49.5,[48.6 50.5],78.6,[75.4 81.2],142.1,[136.  149.9],250.7,[224.5 276.2],mm,a_axis,bootstrapping,ellipse,sense4_b1-10-6.jpg
sense4_b1-10-7_IG1_full_set_1_pred_grains_re_scaled,1699,47.0,[46.3 47.8],70.3,[68.2 72.8],123.9,[118.1 129.1],203.2,[184.2 224.1],mm,a_axis,bootstrapping,ellipse,sense4_b1-10-7.jpg
sense4_b1-10-8_IG1_full_set_1_pred_grains_re_scaled,199,44.8,[42.8 47.1],62.5,[58.  67.7],97.9,[ 90.2 111.2],169.7,[138.5 270.4],mm,a_axis,bootstrapping,ellipse,sense4_b1-10-8.jpg
sense4_b1-11-2_IG1_full_set_1_pred_grains_re_scaled,757,50.4,[47.7 52.2],79.9,[75.7 85.5],157.4,[144.1 169.2],249.0,[231.5 265. ],mm,a_axis,bootstrapping,ellipse,sense4_b1-11-2.jpg
sense4_b1-11-3_IG1_full_set_1_pred_grains_re_scaled,1491,50.7,[49.7 51.7],77.4,[75.4 79.8],134.4,[131.7 140. ],217.3,[206.3 227. ],mm,a_axis,bootstrapping,ellipse,sense4_b1-11-3.jpg
sense4_b1-11-4_IG1_full_set_1_pred_grains_re_scaled,760,53.4,[51.4 55.9],91.8,[86.5 98. ],195.6,[176.4 212. ],389.9,[336.6 444.3],mm,a_axis,bootstrapping,ellipse,sense4_b1-11-4.jpg
sense4_b1-11-5_IG1_full_set_1_pred_grains_re_scaled,1266,48.7,[47.1 50. ],74.4,[71.8 76.9],147.5,[137.5 157.4],271.1,[247.5 295.3],mm,a_axis,bootstrapping,ellipse,sense4_b1-11-5.jpg
sense4_b1-11-6_IG1_full_set_1_pred_grains_re_scaled,927,48.9,[47.1 50.7],76.7,[73.1 81.3],156.1,[143.9 170.6],258.0,[238.3 280.5],mm,a_axis,bootstrapping,ellipse,sense4_b1-11-6.jpg
sense4_b1-11-7_IG1_full_set_1_pred_grains_re_scaled,1129,50.1,[48.7 51.5],75.9,[73.5 78.8],141.9,[132.6 151.2],266.7,[244.9 289.4],mm,a_axis,bootstrapping,ellipse,sense4_b1-11-7.jpg
sense4_b1-11-8_IG1_full_set_1_pred_grains_re_scaled,773,48.5,[47.2 50.4],72.3,[69.1 75.7],139.1,[127.7 150.5],249.0,[236.2 277.8],mm,a_axis,bootstrapping,ellipse,sense4_b1-11-8.jpg
sense4_b1-12-2_IG1_full_set_1_pred_grains_re_scaled,6,51.8,[51.5 87.1],84.0,[ 51.7 123.2],113.0,[ 77.6 140.2],133.4,[ 87.8 140.2],mm,a_axis,bootstrapping,ellipse,sense4_b1-12-2.jpg
sense4_b1-12-3_IG1_full_set_1_pred_grains_re_scaled,1276,50.2,[49.2 51.2],75.7,[72.9 78.5],136.4,[128.7 144.7],238.2,[223.9 271.2],mm,a_axis,bootstrapping,ellipse,sense4_b1-12-3.jpg
sense4_b1-12-4_IG1_full_set_1_pred_grains_re_scaled,961,49.9,[48.3 51.9],75.8,[74.4 79.4],141.7,[132.4 150.2],262.7,[239.3 285. ],mm,a_axis,bootstrapping,ellipse,sense4_b1-12-4.jpg
sense4_b1-12-5_IG1_full_set_1_pred_grains_re_scaled,865,48.8,[47.4 50.1],75.6,[72.3 78.3],162.3,[150.4 179.2],314.4,[281.4 359.5],mm,a_axis,bootstrapping,ellipse,sense4_b1-12-5.jpg
sense4_b1-12-6_IG1_full_set_1_pred_grains_re_scaled,646,52.4,[50.9 54.7],91.3,[84.3 97.8],193.9,[176.4 215.3],331.2,[310.7 385.8],mm,a_axis,bootstrapping,ellipse,sense4_b1-12-6.jpg
sense4_b1-12-7_IG1_full_set_1_pred_grains_re_scaled,1266,48.0,[46.9 49.2],72.7,[70.3 75.5],122.2,[115. 132.],216.0,[194.1 237.8],mm,a_axis,bootstrapping,ellipse,sense4_b1-12-7.jpg
sense4_b1-12-8_IG1_full_set_1_pred_grains_re_scaled,1171,50.4,[48.9 51.4],77.5,[74.9 80.6],147.1,[137.2 158.6],234.0,[216.5 249.4],mm,a_axis,bootstrapping,ellipse,sense4_b1-12-8.jpg
sense4_b1-13-3_IG1_full_set_1_pred_grains_re_scaled,340,56.4,[53.7 59.2],89.9,[83.6 99.7],193.1,[166.8 212. ],311.9,[266.5 332.9],mm,a_axis,bootstrapping,ellipse,sense4_b1-13-3.jpg
sense4_b1-13-4_IG1_full_set_1_pred_grains_re_scaled,1387,47.7,[46.8 49.2],69.3,[66.7 71.3],106.7,[103.7 110.8],159.7,[152.5 172.9],mm,a_axis,bootstrapping,ellipse,sense4_b1-13-4.jpg
sense4_b1-13-5_IG1_full_set_1_pred_grains_re_scaled,588,51.2,[49.  54.2],96.9,[ 88.2 106.3],196.4,[179.  215.6],341.9,[306.1 376.6],mm,a_axis,bootstrapping,ellipse,sense4_b1-13-5.jpg
sense4_b1-13-6_IG1_full_set_1_pred_grains_re_scaled,614,52.1,[49.8 54.5],90.2,[85.4 95.9],181.5,[166.8 202.7],367.4,[313.1 414.8],mm,a_axis,bootstrapping,ellipse,sense4_b1-13-6.jpg
sense4_b1-13-7_IG1_full_set_1_pred_grains_re_scaled,230,48.9,[46.9 52.4],73.7,[67.1 76.6],119.8,[104.3 130.2],180.6,[143.3 260. ],mm,a_axis,bootstrapping,ellipse,sense4_b1-13-7.jpg
sense4_b1-13-8_IG1_full_set_1_pred_grains_re_scaled,572,48.8,[47.7 51. ],73.9,[69.5 76.6],122.2,[113.6 131.8],214.7,[189.3 237.1],mm,a_axis,bootstrapping,ellipse,sense4_b1-13-8.jpg
sense4_b1-14-3_IG1_full_set_1_pred_grains_re_scaled,1,64.4,[64.4 64.4],64.4,[64.4 64.4],64.4,[64.4 64.4],64.4,[64.4 64.4],mm,a_axis,bootstrapping,ellipse,sense4_b1-14-3.jpg
sense4_b1-14-4_IG1_full_set_1_pred_grains_re_scaled,1064,46.7,[45.7 47.7],65.5,[63.2 67.7],112.6,[104.  121.4],210.3,[198.1 239.1],mm,a_axis,bootstrapping,ellipse,sense4_b1-14-4.jpg
sense4_b1-14-5_IG1_full_set_1_pred_grains_re_scaled,643,52.8,[50.9 55.7],86.9,[82.4 92.2],177.7,[163.9 198.2],311.1,[274.6 369.7],mm,a_axis,bootstrapping,ellipse,sense4_b1-14-5.jpg
sense4_b1-14-6_IG1_full_set_1_pred_grains_re_scaled,782,54.1,[51.6 56.6],86.3,[83.2 92.4],183.0,[168.6 201.2],328.5,[295.9 380.8],mm,a_axis,bootstrapping,ellipse,sense4_b1-14-6.jpg
sense4_b1-14-7_IG1_full_set_1_pred_grains_re_scaled,8,61.8,[ 51.1 119.3],91.4,[ 62.1 235.2],230.2,[ 63.5 723.2],586.5,[157.2 723.2],mm,a_axis,bootstrapping,ellipse,sense4_b1-14-7.jpg
sense4_b1-14-8_IG1_full_set_1_pred_grains_re_scaled,206,48.6,[47.1 50.7],73.2,[68. 80.],120.6,[109.4 138.2],194.0,[153.4 252.4],mm,a_axis,bootstrapping,ellipse,sense4_b1-14-8.jpg
sense4_b1-15-4_IG1_full_set_1_pred_grains_re_scaled,869,51.2,[49.9 53.1],81.6,[77.9 85.2],166.7,[154.6 180.1],299.7,[267.8 344.6],mm,a_axis,bootstrapping,ellipse,sense4_b1-15-4.jpg
sense4_b1-15-5_IG1_full_set_1_pred_grains_re_scaled,1159,49.2,[47.6 50.8],77.4,[74.3 81.1],146.5,[138.6 155.2],266.8,[243.1 291. ],mm,a_axis,bootstrapping,ellipse,sense4_b1-15-5.jpg
sense4_b1-15-6_IG1_full_set_1_pred_grains_re_scaled,794,50.0,[48.9 51.5],75.7,[72.9 79.6],139.0,[126.9 145.6],248.3,[222.  300.3],mm,a_axis,bootstrapping,ellipse,sense4_b1-15-6.jpg
sense4_b1-15-7_IG1_full_set_1_pred_grains_re_scaled,311,46.3,[43.3 49.6],73.6,[69.2 82.6],143.8,[126.7 156.3],200.8,[182.5 221.7],mm,a_axis,bootstrapping,ellipse,sense4_b1-15-7.jpg
sense4_b1-15-8_IG1_full_set_1_pred_grains_re_scaled,1003,50.6,[49.2 52.6],79.7,[76.4 83.1],148.3,[138.8 155. ],246.7,[221.8 274.2],mm,a_axis,bootstrapping,ellipse,sense4_b1-15-8.jpg
sense4_b1-16-4_IG1_full_set_1_pred_grains_re_scaled,927,49.8,[47.8 51.6],80.7,[77.3 83.9],145.5,[134.8 156.6],265.1,[232.3 283.5],mm,a_axis,bootstrapping,ellipse,sense4_b1-16-4.jpg
sense4_b1-16-5_IG1_full_set_1_pred_grains_re_scaled,972,47.6,[46.6 49. ],73.7,[69.9 77.3],133.8,[123.8 144.3],237.8,[220.3 260.1],mm,a_axis,bootstrapping,ellipse,sense4_b1-16-5.jpg
sense4_b1-16-6_IG1_full_set_1_pred_grains_re_scaled,1291,48.4,[47.2 50. ],76.6,[74.2 79.6],138.8,[130.4 145.7],234.3,[208.7 250. ],mm,a_axis,bootstrapping,ellipse,sense4_b1-16-6.jpg
sense4_b1-16-7_IG1_full_set_1_pred_grains_re_scaled,675,55.9,[53.5 58.3],93.9,[ 88.5 100.9],185.1,[172.5 195.7],279.0,[260.9 318.1],mm,a_axis,bootstrapping,ellipse,sense4_b1-16-7.jpg
sense4_b1-16-8_IG1_full_set_1_pred_grains_re_scaled,814,49.8,[48.5 52. ],80.9,[77.3 85.5],155.5,[145.2 168.3],259.4,[245.  288.4],mm,a_axis,bootstrapping,ellipse,sense4_b1-16-8.jpg
sense4_b1-17-4_IG1_full_set_1_pred_grains_re_scaled,172,51.1,[47.5 58.5],87.3,[78.3 94.1],157.0,[130.3 179.5],247.0,[204.6 278.2],mm,a_axis,bootstrapping,ellipse,sense4_b1-17-4.jpg
sense4_b1-17-5_IG1_full_set_1_pred_grains_re_scaled,787,50.0,[48.6 52.4],81.7,[78.  84.8],152.8,[144.8 161.2],304.7,[256.1 331.2],mm,a_axis,bootstrapping,ellipse,sense4_b1-17-5.jpg
sense4_b1-17-6_IG1_full_set_1_pred_grains_re_scaled,339,52.4,[49.9 55.8],88.4,[79.2 94.3],179.1,[153.  198.1],285.7,[249.6 322.6],mm,a_axis,bootstrapping,ellipse,sense4_b1-17-6.jpg
sense4_b1-17-7_IG1_full_set_1_pred_grains_re_scaled,830,51.7,[49.7 53.6],84.6,[80.3 89.1],157.4,[148.5 170.1],282.7,[260.  302.3],mm,a_axis,bootstrapping,ellipse,sense4_b1-17-7.jpg
sense4_b1-17-8_IG1_full_set_1_pred_grains_re_scaled,245,52.4,[50. 59.],87.8,[83.9 96.2],183.1,[156.6 197.4],307.5,[225.1 343.9],mm,a_axis,bootstrapping,ellipse,sense4_b1-17-8.jpg
sense4_b1-18-4_IG1_full_set_1_pred_grains_re_scaled,0,0.0,0.0,0.0,0.0,0.0,0.0,0.0,0.0,mm,a_axis,bootstrapping,ellipse,sense4_b1-18-4.jpg
sense4_b1-18-5_IG1_full_set_1_pred_grains_re_scaled,1424,49.5,[47.7 51.1],77.7,[75.4 80.3],142.4,[135.6 149.1],265.0,[219.8 290. ],mm,a_axis,bootstrapping,ellipse,sense4_b1-18-5.jpg
sense4_b1-18-6_IG1_full_set_1_pred_grains_re_scaled,1381,48.3,[47.2 49.2],72.5,[69.9 74.2],122.9,[116.6 131.2],210.9,[196.4 227.6],mm,a_axis,bootstrapping,ellipse,sense4_b1-18-6.jpg
sense4_b1-18-7_IG1_full_set_1_pred_grains_re_scaled,1666,49.3,[48.5 50.7],76.8,[74.6 79.1],138.6,[131.5 146.7],225.3,[212.3 236.8],mm,a_axis,bootstrapping,ellipse,sense4_b1-18-7.jpg
sense4_b1-18-8_IG1_full_set_1_pred_grains_re_scaled,46,60.7,[50.9 67.7],98.7,[ 77.1 125.3],158.5,[132.8 178.8],197.0,[169.  563.7],mm,a_axis,bootstrapping,ellipse,sense4_b1-18-8.jpg
sense4_b1-19-5_IG1_full_set_1_pred_grains_re_scaled,789,50.5,[48.9 53. ],80.0,[77.3 84.7],137.1,[130.  146.5],235.4,[211.9 254.7],mm,a_axis,bootstrapping,ellipse,sense4_b1-19-5.jpg
sense4_b1-19-6_IG1_full_set_1_pred_grains_re_scaled,1964,48.0,[47.2 48.9],72.4,[70.4 74.3],121.7,[117.2 125.5],192.9,[179.7 204.1],mm,a_axis,bootstrapping,ellipse,sense4_b1-19-6.jpg
sense4_b1-19-7_IG1_full_set_1_pred_grains_re_scaled,1088,52.1,[50.7 53.8],84.5,[81.7 87.8],159.8,[149.4 170.3],263.8,[239.6 292.1],mm,a_axis,bootstrapping,ellipse,sense4_b1-19-7.jpg
sense4_b1-19-8_IG1_full_set_1_pred_grains_re_scaled,0,0.0,0.0,0.0,0.0,0.0,0.0,0.0,0.0,mm,a_axis,bootstrapping,ellipse,sense4_b1-19-8.jpg
sense4_b1-20-5_IG1_full_set_1_pred_grains_re_scaled,1025,49.6,[47.7 51.2],74.7,[72.4 79.1],127.8,[121.9 136.5],196.5,[181.  209.2],mm,a_axis,bootstrapping,ellipse,sense4_b1-20-5.jpg
sense4_b1-20-6_IG1_full_set_1_pred_grains_re_scaled,1387,50.1,[48.9 51.3],77.4,[75.5 80.7],140.9,[135.  148.5],241.8,[217.1 260.6],mm,a_axis,bootstrapping,ellipse,sense4_b1-20-6.jpg
sense4_b1-20-7_IG1_full_set_1_pred_grains_re_scaled,869,50.5,[48.9 51.8],82.0,[78.6 85.5],162.9,[150.  175.5],298.0,[273.3 337.6],mm,a_axis,bootstrapping,ellipse,sense4_b1-20-7.jpg
sense4_b1-21-5_IG1_full_set_1_pred_grains_re_scaled,825,51.4,[49.9 53.8],78.7,[75.1 83.2],145.8,[136.4 160.3],274.4,[235.7 298. ],mm,a_axis,bootstrapping,ellipse,sense4_b1-21-5.jpg
sense4_b1-21-6_IG1_full_set_1_pred_grains_re_scaled,1539,49.3,[48.2 50.2],71.9,[70.1 74.2],120.2,[115.3 126. ],194.9,[177.5 218.1],mm,a_axis,bootstrapping,ellipse,sense4_b1-21-6.jpg
sense4_b1-21-7_IG1_full_set_1_pred_grains_re_scaled,744,52.8,[51.5 54.6],80.3,[77.3 84.7],142.1,[135.2 152.7],242.1,[219.1 284. ],mm,a_axis,bootstrapping,ellipse,sense4_b1-21-7.jpg
sense4_b1-22-5_IG1_full_set_1_pred_grains_re_scaled,1003,49.2,[48.1 51.1],76.3,[74.5 78.7],134.8,[129.  143.6],235.4,[214.7 251.8],mm,a_axis,bootstrapping,ellipse,sense4_b1-22-5.jpg
sense4_b1-22-6_IG1_full_set_1_pred_grains_re_scaled,1686,49.2,[48.2 50.3],71.1,[69.1 73.1],114.9,[110.7 118.9],182.4,[171.9 190.3],mm,a_axis,bootstrapping,ellipse,sense4_b1-22-6.jpg
sense4_b1-22-7_IG1_full_set_1_pred_grains_re_scaled,196,50.9,[48.7 55.2],71.6,[67.5 76. ],109.1,[100.3 122.4],182.3,[142.  263.8],mm,a_axis,bootstrapping,ellipse,sense4_b1-22-7.jpg
sense4_b1-23-5_IG1_full_set_1_pred_grains_re_scaled,602,47.7,[45.5 49.9],72.5,[68.8 75.9],117.6,[109.9 125. ],179.1,[160.2 201. ],mm,a_axis,bootstrapping,ellipse,sense4_b1-23-5.jpg
sense4_b1-23-6_IG1_full_set_1_pred_grains_re_scaled,506,47.2,[45.8 48.6],67.0,[65.  69.2],103.2,[ 96.8 119.6],177.0,[147.5 217.1],mm,a_axis,bootstrapping,ellipse,sense4_b1-23-6.jpg
sense4_b1-23-7_IG1_full_set_1_pred_grains_re_scaled,0,0.0,0.0,0.0,0.0,0.0,0.0,0.0,0.0,mm,a_axis,bootstrapping,ellipse,sense4_b1-23-7.jpg
