Image/Masks,number of grains,D16,CI D16 (95%),D50,CI D50 (95%),D84,CI D84 (95%),D96,CI D96 (95%),unit,axis,method,grain approximation,NAME
sense4_b2-0-2_IG1_full_set_1_pred_grains_re_scaled,531,51.8,[49.5 53.5],78.2,[73.8 83.6],140.5,[129.7 155.7],237.5,[224.9 248.9],mm,a_axis,bootstrapping,ellipse,sense4_b2-0-2.jpg
sense4_b2-1-2_IG1_full_set_1_pred_grains_re_scaled,955,51.9,[50.2 53.4],78.9,[77.  82.7],148.1,[136.3 160.9],256.8,[224.9 298.3],mm,a_axis,bootstrapping,ellipse,sense4_b2-1-2.jpg
sense4_b2-1-3_IG1_full_set_1_pred_grains_re_scaled,41,58.8,[45.9 70.2],98.0,[ 77.4 156.4],193.5,[169.6 237.5],428.3,[196.4 764.5],mm,a_axis,bootstrapping,ellipse,sense4_b2-1-3.jpg
sense4_b2-2-1_IG1_full_set_1_pred_grains_re_scaled,0,0.0,0.0,0.0,0.0,0.0,0.0,0.0,0.0,mm,a_axis,bootstrapping,ellipse,sense4_b2-2-1.jpg
sense4_b2-2-2_IG1_full_set_1_pred_grains_re_scaled,1090,51.9,[50.  54.1],83.5,[80.8 86.9],153.6,[143.1 161.2],255.2,[227.  269.3],mm,a_axis,bootstrapping,ellipse,sense4_b2-2-2.jpg
sense4_b2-2-3_IG1_full_set_1_pred_grains_re_scaled,375,57.7,[52.5 62.1],88.5,[82.6 95.1],162.0,[146.8 180.3],264.2,[241. 302.],mm,a_axis,bootstrapping,ellipse,sense4_b2-2-3.jpg
sense4_b2-3-1_IG1_full_set_1_pred_grains_re_scaled,299,50.6,[48.9 52.8],70.3,[66.3 75.5],108.8,[ 99.3 121.4],152.3,[135.8 172.8],mm,a_axis,bootstrapping,ellipse,sense4_b2-3-1.jpg
sense4_b2-3-2_IG1_full_set_1_pred_grains_re_scaled,623,55.8,[53.8 58.7],87.9,[83.1 92.3],162.1,[150.  169.6],256.4,[228.5 294.9],mm,a_axis,bootstrapping,ellipse,sense4_b2-3-2.jpg
sense4_b2-3-3_IG1_full_set_1_pred_grains_re_scaled,782,51.0,[49.4 52.5],81.7,[78.4 84.9],156.1,[148.9 175.3],286.6,[256.  300.7],mm,a_axis,bootstrapping,ellipse,sense4_b2-3-3.jpg
sense4_b2-4-0_IG1_full_set_1_pred_grains_re_scaled,0,0.0,0.0,0.0,0.0,0.0,0.0,0.0,0.0,mm,a_axis,bootstrapping,ellipse,sense4_b2-4-0.jpg
sense4_b2-4-1_IG1_full_set_1_pred_grains_re_scaled,139,53.0,[49.7 58.9],77.1,[72.1 83.9],124.2,[106.1 138.9],244.8,[153.1 437. ],mm,a_axis,bootstrapping,ellipse,sense4_b2-4-1.jpg
sense4_b2-4-2_IG1_full_set_1_pred_grains_re_scaled,1275,51.0,[49.5 52.5],80.4,[78.  83.3],149.3,[140.7 158.5],250.1,[228.  273.6],mm,a_axis,bootstrapping,ellipse,sense4_b2-4-2.jpg
sense4_b2-4-3_IG1_full_set_1_pred_grains_re_scaled,1318,48.7,[47.7 50.4],80.2,[76.7 83.1],149.7,[143.4 158. ],243.1,[223.4 264.9],mm,a_axis,bootstrapping,ellipse,sense4_b2-4-3.jpg
sense4_b2-4-4_IG1_full_set_1_pred_grains_re_scaled,0,0.0,0.0,0.0,0.0,0.0,0.0,0.0,0.0,mm,a_axis,bootstrapping,ellipse,sense4_b2-4-4.jpg
sense4_b2-5-0_IG1_full_set_1_pred_grains_re_scaled,119,50.9,[46.5 58.6],79.1,[71.3 94.4],155.5,[125.2 191.4],245.0,[200.5 284. ],mm,a_axis,bootstrapping,ellipse,sense4_b2-5-0.jpg
sense4_b2-5-1_IG1_full_set_1_pred_grains_re_scaled,861,54.3,[52.6 56.2],89.2,[85.3 93. ],167.2,[157.5 176.7],275.5,[255.1 300.7],mm,a_axis,bootstrapping,ellipse,sense4_b2-5-1.jpg
sense4_b2-5-2_IG1_full_set_1_pred_grains_re_scaled,1028,51.0,[49.4 52.7],82.4,[78.1 85.6],162.2,[154.2 175.4],285.1,[253.9 328.7],mm,a_axis,bootstrapping,ellipse,sense4_b2-5-2.jpg
sense4_b2-5-3_IG1_full_set_1_pred_grains_re_scaled,1388,51.0,[48.8 52.4],81.5,[79.  84.5],154.9,[147.1 164.5],265.5,[246.6 276.7],mm,a_axis,bootstrapping,ellipse,sense4_b2-5-3.jpg
sense4_b2-5-4_IG1_full_set_1_pred_grains_re_scaled,93,55.5,[51.1 61.6],98.9,[ 84.  124.3],199.1,[169.1 252.7],303.9,[252.7 470.2],mm,a_axis,bootstrapping,ellipse,sense4_b2-5-4.jpg
sense4_b2-6-0_IG1_full_set_1_pred_grains_re_scaled,579,49.6,[47.8 51.2],74.8,[70.6 79.5],129.0,[119.3 141.9],215.7,[192.8 235. ],mm,a_axis,bootstrapping,ellipse,sense4_b2-6-0.jpg
sense4_b2-6-1_IG1_full_set_1_pred_grains_re_scaled,661,54.6,[52.8 56.5],89.3,[85.3 93.9],162.9,[151.  179.5],261.7,[236.6 278.7],mm,a_axis,bootstrapping,ellipse,sense4_b2-6-1.jpg
sense4_b2-6-2_IG1_full_set_1_pred_grains_re_scaled,968,50.9,[49.4 53.3],83.7,[81.  86.9],165.4,[152.9 176.8],304.2,[268.7 330.5],mm,a_axis,bootstrapping,ellipse,sense4_b2-6-2.jpg
sense4_b2-6-3_IG1_full_set_1_pred_grains_re_scaled,1219,52.2,[50.2 53.6],85.5,[82.4 89.6],163.3,[154.9 173. ],280.2,[256.  295.8],mm,a_axis,bootstrapping,ellipse,sense4_b2-6-3.jpg
sense4_b2-6-4_IG1_full_set_1_pred_grains_re_scaled,367,56.2,[50.9 58.5],87.2,[80.9 97.9],181.8,[164. 195.],318.8,[258.  461.9],mm,a_axis,bootstrapping,ellipse,sense4_b2-6-4.jpg
sense4_b2-7-0_IG1_full_set_1_pred_grains_re_scaled,508,62.3,[59.4 65.8],106.9,[102.3 113. ],193.0,[179.4 215.1],326.1,[302.5 384.8],mm,a_axis,bootstrapping,ellipse,sense4_b2-7-0.jpg
sense4_b2-7-1_IG1_full_set_1_pred_grains_re_scaled,593,52.3,[50.  53.9],83.2,[78.5 86.8],162.2,[148.7 175.4],265.7,[234.6 306.7],mm,a_axis,bootstrapping,ellipse,sense4_b2-7-1.jpg
sense4_b2-7-2_IG1_full_set_1_pred_grains_re_scaled,1196,52.9,[50.8 55.1],87.3,[83. 91.],178.7,[167.7 189.8],315.5,[283.2 342.8],mm,a_axis,bootstrapping,ellipse,sense4_b2-7-2.jpg
sense4_b2-7-3_IG1_full_set_1_pred_grains_re_scaled,850,52.8,[51.2 55.3],88.8,[84.1 92.4],168.2,[157.1 182.6],335.0,[291.9 358.5],mm,a_axis,bootstrapping,ellipse,sense4_b2-7-3.jpg
sense4_b2-7-4_IG1_full_set_1_pred_grains_re_scaled,1446,47.7,[46.6 49. ],72.2,[69.8 75.7],132.3,[125.5 141.8],240.6,[215.5 269.3],mm,a_axis,bootstrapping,ellipse,sense4_b2-7-4.jpg
sense4_b2-7-5_IG1_full_set_1_pred_grains_re_scaled,0,0.0,0.0,0.0,0.0,0.0,0.0,0.0,0.0,mm,a_axis,bootstrapping,ellipse,sense4_b2-7-5.jpg
sense4_b2-8-0_IG1_full_set_1_pred_grains_re_scaled,1028,51.5,[50.2 53.5],80.6,[77.1 84.2],145.9,[138.  153.9],233.6,[216.2 251.6],mm,a_axis,bootstrapping,ellipse,sense4_b2-8-0.jpg
sense4_b2-8-1_IG1_full_set_1_pred_grains_re_scaled,987,53.9,[51.5 56.1],83.1,[81.2 86.4],166.1,[150.8 176.3],303.6,[275.7 329.7],mm,a_axis,bootstrapping,ellipse,sense4_b2-8-1.jpg
sense4_b2-8-2_IG1_full_set_1_pred_grains_re_scaled,872,53.9,[52.8 55.6],89.3,[84.3 94.4],178.2,[167.6 196.7],320.2,[299.  338.2],mm,a_axis,bootstrapping,ellipse,sense4_b2-8-2.jpg
sense4_b2-8-3_IG1_full_set_1_pred_grains_re_scaled,987,50.4,[48.6 51.8],84.3,[80.2 88.7],163.3,[152.5 173.1],295.9,[251.9 333.8],mm,a_axis,bootstrapping,ellipse,sense4_b2-8-3.jpg
sense4_b2-8-4_IG1_full_set_1_pred_grains_re_scaled,1479,48.8,[47.4 49.9],74.4,[71.9 76.5],127.2,[119.8 133.6],219.3,[206.1 232.6],mm,a_axis,bootstrapping,ellipse,sense4_b2-8-4.jpg
sense4_b2-8-5_IG1_full_set_1_pred_grains_re_scaled,344,53.0,[50.8 56.1],82.3,[78.3 89.6],164.3,[145.8 182.3],324.5,[245.2 349.9],mm,a_axis,bootstrapping,ellipse,sense4_b2-8-5.jpg
sense4_b2-9-0_IG1_full_set_1_pred_grains_re_scaled,928,51.3,[49.3 53.2],80.6,[78.3 83.2],148.3,[138.8 159.9],245.4,[224.3 267.4],mm,a_axis,bootstrapping,ellipse,sense4_b2-9-0.jpg
sense4_b2-9-1_IG1_full_set_1_pred_grains_re_scaled,948,53.1,[50.8 54.8],83.9,[81.5 89. ],162.0,[149.2 176.1],270.8,[241.4 300.1],mm,a_axis,bootstrapping,ellipse,sense4_b2-9-1.jpg
sense4_b2-9-2_IG1_full_set_1_pred_grains_re_scaled,738,51.3,[49.7 53.6],83.4,[80.7 88.9],170.7,[159.8 186.6],304.2,[284.5 348.5],mm,a_axis,bootstrapping,ellipse,sense4_b2-9-2.jpg
sense4_b2-9-3_IG1_full_set_1_pred_grains_re_scaled,908,50.1,[48.5 51.7],75.2,[72.1 78.6],139.7,[127.5 149.9],240.8,[212.3 263.8],mm,a_axis,bootstrapping,ellipse,sense4_b2-9-3.jpg
sense4_b2-9-4_IG1_full_set_1_pred_grains_re_scaled,429,46.8,[45.4 48.6],68.8,[65.7 71.9],109.6,[101.7 120.5],205.5,[162.3 285.6],mm,a_axis,bootstrapping,ellipse,sense4_b2-9-4.jpg
sense4_b2-9-5_IG1_full_set_1_pred_grains_re_scaled,596,49.9,[47.5 52.6],77.4,[74.9 80.2],143.4,[133.4 158. ],242.8,[224.9 274.4],mm,a_axis,bootstrapping,ellipse,sense4_b2-9-5.jpg
sense4_b2-10-0_IG1_full_set_1_pred_grains_re_scaled,627,50.4,[49.1 51.9],75.9,[73.  80.5],153.7,[136.7 166.3],271.4,[245.7 319.1],mm,a_axis,bootstrapping,ellipse,sense4_b2-10-0.jpg
sense4_b2-10-1_IG1_full_set_1_pred_grains_re_scaled,1136,53.2,[51.4 54.7],87.1,[83.6 91.9],169.6,[153.5 176. ],279.4,[245. 312.],mm,a_axis,bootstrapping,ellipse,sense4_b2-10-1.jpg
sense4_b2-10-2_IG1_full_set_1_pred_grains_re_scaled,879,48.9,[47.8 51. ],76.1,[73.8 79.7],153.5,[137.5 164.5],312.9,[275.1 348.2],mm,a_axis,bootstrapping,ellipse,sense4_b2-10-2.jpg
sense4_b2-10-3_IG1_full_set_1_pred_grains_re_scaled,460,48.3,[46.7 51. ],67.5,[65.1 71.2],117.0,[105.6 127.9],203.9,[169.4 249.4],mm,a_axis,bootstrapping,ellipse,sense4_b2-10-3.jpg
sense4_b2-10-4_IG1_full_set_1_pred_grains_re_scaled,736,48.5,[47.1 49.7],69.6,[68.1 73.1],112.6,[106.6 120.7],172.4,[161.1 184.5],mm,a_axis,bootstrapping,ellipse,sense4_b2-10-4.jpg
sense4_b2-10-5_IG1_full_set_1_pred_grains_re_scaled,490,49.3,[47.  50.8],74.2,[69.1 77.3],140.8,[124.2 157.2],301.7,[234.5 351.8],mm,a_axis,bootstrapping,ellipse,sense4_b2-10-5.jpg
sense4_b2-11-0_IG1_full_set_1_pred_grains_re_scaled,583,57.1,[53.8 60. ],91.4,[85.8 99.7],177.6,[164.1 190.9],301.8,[252.1 342.5],mm,a_axis,bootstrapping,ellipse,sense4_b2-11-0.jpg
sense4_b2-11-1_IG1_full_set_1_pred_grains_re_scaled,605,54.0,[52.2 57.1],95.9,[ 91.8 101.3],196.8,[181.8 211.4],368.9,[317.8 435.3],mm,a_axis,bootstrapping,ellipse,sense4_b2-11-1.jpg
sense4_b2-11-2_IG1_full_set_1_pred_grains_re_scaled,227,50.7,[45.5 53.6],74.7,[70.5 83.2],166.9,[145.5 200.8],361.0,[245.8 422.9],mm,a_axis,bootstrapping,ellipse,sense4_b2-11-2.jpg
sense4_b2-11-3_IG1_full_set_1_pred_grains_re_scaled,174,70.1,[59.9 84.3],151.8,[129.6 183.4],338.8,[306.1 397.5],531.1,[450.  592.3],mm,a_axis,bootstrapping,ellipse,sense4_b2-11-3.jpg
sense4_b2-11-4_IG1_full_set_1_pred_grains_re_scaled,137,54.0,[50.1 59.5],81.6,[77.8 89.5],151.3,[133.3 172.7],232.9,[186.9 412.6],mm,a_axis,bootstrapping,ellipse,sense4_b2-11-4.jpg
sense4_b2-11-5_IG1_full_set_1_pred_grains_re_scaled,365,54.2,[50.7 60.1],89.8,[84.2 98. ],175.1,[158.2 189.6],292.0,[260.8 358.9],mm,a_axis,bootstrapping,ellipse,sense4_b2-11-5.jpg
sense4_b2-12-0_IG1_full_set_1_pred_grains_re_scaled,839,51.2,[49.8 53.6],79.3,[76.8 82. ],139.1,[129.6 150.9],282.0,[237.4 305.6],mm,a_axis,bootstrapping,ellipse,sense4_b2-12-0.jpg
sense4_b2-12-1_IG1_full_set_1_pred_grains_re_scaled,1094,52.0,[50.6 53.4],84.3,[80.4 88.1],156.2,[146.6 167.5],278.9,[264.7 306.7],mm,a_axis,bootstrapping,ellipse,sense4_b2-12-1.jpg
sense4_b2-12-2_IG1_full_set_1_pred_grains_re_scaled,243,65.4,[58.2 73.7],127.8,[114.6 142. ],292.5,[255.4 360.3],566.8,[432.2 722. ],mm,a_axis,bootstrapping,ellipse,sense4_b2-12-2.jpg
sense4_b2-12-3_IG1_full_set_1_pred_grains_re_scaled,336,57.4,[55.3 61.6],111.9,[ 98.7 122.1],234.6,[194.2 268. ],418.4,[346.  491.9],mm,a_axis,bootstrapping,ellipse,sense4_b2-12-3.jpg
sense4_b2-12-4_IG1_full_set_1_pred_grains_re_scaled,128,48.1,[44.8 50.4],69.1,[63.8 76.6],149.6,[119.9 220.1],326.1,[263.5 452.7],mm,a_axis,bootstrapping,ellipse,sense4_b2-12-4.jpg
sense4_b2-12-5_IG1_full_set_1_pred_grains_re_scaled,1349,50.5,[49. 52.],79.8,[76.8 82.5],140.6,[132.6 147.9],230.5,[217.7 253. ],mm,a_axis,bootstrapping,ellipse,sense4_b2-12-5.jpg
sense4_b2-13-0_IG1_full_set_1_pred_grains_re_scaled,416,54.9,[51.3 57.5],85.2,[79.5 92. ],178.0,[157.4 207.6],268.3,[249.8 300.6],mm,a_axis,bootstrapping,ellipse,sense4_b2-13-0.jpg
sense4_b2-13-1_IG1_full_set_1_pred_grains_re_scaled,723,53.2,[51.8 55.1],89.3,[84.2 94.5],171.5,[159.4 188.3],278.0,[261.7 326.6],mm,a_axis,bootstrapping,ellipse,sense4_b2-13-1.jpg
sense4_b2-13-2_IG1_full_set_1_pred_grains_re_scaled,435,49.0,[47.4 51.3],78.3,[74.1 83.6],178.3,[149.6 194.7],398.5,[301.4 475.9],mm,a_axis,bootstrapping,ellipse,sense4_b2-13-2.jpg
sense4_b2-13-3_IG1_full_set_1_pred_grains_re_scaled,514,59.2,[56.1 62.7],98.3,[ 92.7 108.3],215.6,[190.4 237.6],412.8,[349.3 516.4],mm,a_axis,bootstrapping,ellipse,sense4_b2-13-3.jpg
sense4_b2-13-4_IG1_full_set_1_pred_grains_re_scaled,259,54.6,[51.5 58.9],86.5,[81.1 93.2],185.1,[168.1 222.9],428.7,[328.8 564.2],mm,a_axis,bootstrapping,ellipse,sense4_b2-13-4.jpg
sense4_b2-13-5_IG1_full_set_1_pred_grains_re_scaled,1320,49.5,[48.  51.5],80.7,[77.6 83.4],142.8,[137.1 153. ],238.1,[219.6 264.1],mm,a_axis,bootstrapping,ellipse,sense4_b2-13-5.jpg
sense4_b2-14-0_IG1_full_set_1_pred_grains_re_scaled,482,54.7,[52.6 57.8],91.7,[85.  99.9],184.3,[162.5 210. ],318.9,[301.6 352.2],mm,a_axis,bootstrapping,ellipse,sense4_b2-14-0.jpg
sense4_b2-14-1_IG1_full_set_1_pred_grains_re_scaled,979,50.6,[49.2 51.8],82.3,[78.  87.6],159.3,[151.2 171.6],267.8,[253.4 300.9],mm,a_axis,bootstrapping,ellipse,sense4_b2-14-1.jpg
sense4_b2-14-2_IG1_full_set_1_pred_grains_re_scaled,1113,48.2,[47.2 50. ],71.7,[69.  73.8],118.2,[112.8 125.2],205.7,[188.4 237.9],mm,a_axis,bootstrapping,ellipse,sense4_b2-14-2.jpg
sense4_b2-14-3_IG1_full_set_1_pred_grains_re_scaled,644,55.3,[51.9 57. ],89.3,[85.4 92.6],180.1,[164.3 194.1],329.3,[280.  370.4],mm,a_axis,bootstrapping,ellipse,sense4_b2-14-3.jpg
sense4_b2-14-4_IG1_full_set_1_pred_grains_re_scaled,616,55.2,[51.7 57.5],93.0,[87.9 99. ],163.1,[152.1 182. ],338.8,[271.9 392.8],mm,a_axis,bootstrapping,ellipse,sense4_b2-14-4.jpg
sense4_b2-14-5_IG1_full_set_1_pred_grains_re_scaled,1485,50.2,[49.1 52.1],80.6,[78.1 83. ],147.9,[141.1 157.6],238.0,[227.4 259.6],mm,a_axis,bootstrapping,ellipse,sense4_b2-14-5.jpg
sense4_b2-15-0_IG1_full_set_1_pred_grains_re_scaled,613,55.3,[52.1 57.2],91.1,[85.6 97.1],178.7,[161.5 200.1],326.0,[295.4 388.5],mm,a_axis,bootstrapping,ellipse,sense4_b2-15-0.jpg
sense4_b2-15-1_IG1_full_set_1_pred_grains_re_scaled,1080,51.3,[49.6 53.6],82.8,[79.8 86. ],158.0,[150.2 167.4],257.1,[236.  288.4],mm,a_axis,bootstrapping,ellipse,sense4_b2-15-1.jpg
sense4_b2-15-2_IG1_full_set_1_pred_grains_re_scaled,1223,47.2,[46.3 48.3],68.2,[66.4 70.6],112.5,[108.8 119.6],177.9,[164.5 187.3],mm,a_axis,bootstrapping,ellipse,sense4_b2-15-2.jpg
sense4_b2-15-3_IG1_full_set_1_pred_grains_re_scaled,863,51.2,[49.7 52.7],79.7,[76.8 82.1],177.3,[156.4 187.2],285.9,[249.8 357.5],mm,a_axis,bootstrapping,ellipse,sense4_b2-15-3.jpg
sense4_b2-15-4_IG1_full_set_1_pred_grains_re_scaled,679,51.9,[51.  53.9],86.8,[82.3 90.3],180.8,[163.4 193.1],308.0,[292.8 352.1],mm,a_axis,bootstrapping,ellipse,sense4_b2-15-4.jpg
sense4_b2-15-5_IG1_full_set_1_pred_grains_re_scaled,1325,49.1,[47.3 50.6],75.4,[73.4 78.5],136.4,[128.8 147.9],284.8,[239.1 313. ],mm,a_axis,bootstrapping,ellipse,sense4_b2-15-5.jpg
sense4_b2-16-0_IG1_full_set_1_pred_grains_re_scaled,441,58.0,[54.8 64.3],103.6,[ 97.3 113.8],207.2,[187.1 244.4],361.8,[307.9 433.7],mm,a_axis,bootstrapping,ellipse,sense4_b2-16-0.jpg
sense4_b2-16-1_IG1_full_set_1_pred_grains_re_scaled,1068,51.2,[50.  52.7],79.6,[76.2 82.7],143.5,[135.2 151.7],230.0,[214.  249.7],mm,a_axis,bootstrapping,ellipse,sense4_b2-16-1.jpg
sense4_b2-16-2_IG1_full_set_1_pred_grains_re_scaled,991,48.9,[46.8 49.7],72.5,[70.3 75.4],130.6,[121.2 139.7],221.9,[199.  248.7],mm,a_axis,bootstrapping,ellipse,sense4_b2-16-2.jpg
sense4_b2-16-3_IG1_full_set_1_pred_grains_re_scaled,1099,52.1,[50.4 53.5],80.6,[77.7 83.8],148.8,[139.7 156.1],248.1,[228.2 277.8],mm,a_axis,bootstrapping,ellipse,sense4_b2-16-3.jpg
sense4_b2-16-4_IG1_full_set_1_pred_grains_re_scaled,789,53.4,[51.6 55.5],90.5,[85.  94.2],170.0,[157.5 184.4],277.8,[256.3 318. ],mm,a_axis,bootstrapping,ellipse,sense4_b2-16-4.jpg
sense4_b2-16-5_IG1_full_set_1_pred_grains_re_scaled,1210,48.5,[47.3 50.3],76.3,[73.2 78.7],150.9,[138.6 160.2],270.7,[246.6 307.8],mm,a_axis,bootstrapping,ellipse,sense4_b2-16-5.jpg
sense4_b2-17-0_IG1_full_set_1_pred_grains_re_scaled,223,63.7,[59.8 70.4],118.4,[111.5 128.8],252.4,[201.4 274.5],378.4,[322.7 446.7],mm,a_axis,bootstrapping,ellipse,sense4_b2-17-0.jpg
sense4_b2-17-1_IG1_full_set_1_pred_grains_re_scaled,868,49.5,[48.2 51.4],75.5,[72.4 78. ],131.3,[124.7 139.7],197.9,[186.7 216.6],mm,a_axis,bootstrapping,ellipse,sense4_b2-17-1.jpg
sense4_b2-17-2_IG1_full_set_1_pred_grains_re_scaled,974,50.7,[48.7 52.1],79.8,[75.6 82.9],142.9,[135.2 151.6],259.9,[235.8 293.1],mm,a_axis,bootstrapping,ellipse,sense4_b2-17-2.jpg
sense4_b2-17-3_IG1_full_set_1_pred_grains_re_scaled,1370,52.2,[51.  54.1],82.3,[79.5 84.6],154.5,[147.5 161.4],235.1,[223.8 250.9],mm,a_axis,bootstrapping,ellipse,sense4_b2-17-3.jpg
sense4_b2-17-4_IG1_full_set_1_pred_grains_re_scaled,490,57.9,[56.  62.9],103.3,[ 96.1 108.6],230.1,[197.4 251.8],416.1,[369.6 455.3],mm,a_axis,bootstrapping,ellipse,sense4_b2-17-4.jpg
sense4_b2-17-5_IG1_full_set_1_pred_grains_re_scaled,488,57.9,[54.1 61.6],95.0,[ 90.2 100.4],202.8,[176.9 243.2],346.8,[321.3 400.6],mm,a_axis,bootstrapping,ellipse,sense4_b2-17-5.jpg
sense4_b2-18-0_IG1_full_set_1_pred_grains_re_scaled,507,51.5,[48.7 54.6],89.0,[80.4 93.6],176.9,[156.8 199.2],278.5,[240. 310.],mm,a_axis,bootstrapping,ellipse,sense4_b2-18-0.jpg
sense4_b2-18-1_IG1_full_set_1_pred_grains_re_scaled,1517,49.3,[47.9 50.4],76.1,[74. 79.],135.5,[129.4 142.4],218.6,[201.6 230.6],mm,a_axis,bootstrapping,ellipse,sense4_b2-18-1.jpg
sense4_b2-18-2_IG1_full_set_1_pred_grains_re_scaled,997,54.5,[51.9 57.2],97.0,[ 93.6 102.6],180.6,[169.3 189.9],283.9,[262.5 305.7],mm,a_axis,bootstrapping,ellipse,sense4_b2-18-2.jpg
sense4_b2-18-3_IG1_full_set_1_pred_grains_re_scaled,409,60.0,[55.  65.5],108.6,[100.3 116.9],241.8,[219.6 269.4],411.5,[363.5 467.6],mm,a_axis,bootstrapping,ellipse,sense4_b2-18-3.jpg
sense4_b2-18-4_IG1_full_set_1_pred_grains_re_scaled,508,62.7,[58.6 68.1],123.2,[113.6 135.9],262.7,[240.6 283.7],394.5,[370.8 453.7],mm,a_axis,bootstrapping,ellipse,sense4_b2-18-4.jpg
sense4_b2-18-5_IG1_full_set_1_pred_grains_re_scaled,295,59.9,[56.3 66.7],111.6,[102.5 122.2],239.1,[210.  288.1],388.8,[356.3 413. ],mm,a_axis,bootstrapping,ellipse,sense4_b2-18-5.jpg
sense4_b2-19-0_IG1_full_set_1_pred_grains_re_scaled,495,60.7,[57.5 63.9],101.2,[ 94.8 110. ],226.2,[206.2 242.8],367.3,[329. 427.],mm,a_axis,bootstrapping,ellipse,sense4_b2-19-0.jpg
sense4_b2-19-1_IG1_full_set_1_pred_grains_re_scaled,1562,49.5,[48.  50.5],73.9,[71.9 76.2],131.9,[124.9 138.8],222.9,[204.3 240.3],mm,a_axis,bootstrapping,ellipse,sense4_b2-19-1.jpg
sense4_b2-19-2_IG1_full_set_1_pred_grains_re_scaled,822,55.8,[53.7 58.4],94.1,[89.8 99.7],195.7,[179.6 210.7],349.7,[315.8 377.5],mm,a_axis,bootstrapping,ellipse,sense4_b2-19-2.jpg
sense4_b2-19-3_IG1_full_set_1_pred_grains_re_scaled,353,64.1,[61.6 67.7],120.3,[111.3 128.5],261.7,[218.1 289.2],444.6,[340.6 490.2],mm,a_axis,bootstrapping,ellipse,sense4_b2-19-3.jpg
sense4_b2-19-4_IG1_full_set_1_pred_grains_re_scaled,201,66.7,[59.9 75.5],133.5,[120.4 156.1],324.1,[269.8 382.8],518.7,[464.3 587.5],mm,a_axis,bootstrapping,ellipse,sense4_b2-19-4.jpg
sense4_b2-19-5_IG1_full_set_1_pred_grains_re_scaled,202,63.7,[56.2 71. ],119.6,[105.1 137.6],242.1,[214.1 263.4],338.6,[297.7 394.3],mm,a_axis,bootstrapping,ellipse,sense4_b2-19-5.jpg
sense4_b2-20-0_IG1_full_set_1_pred_grains_re_scaled,628,52.8,[50.7 55.4],81.2,[78.5 85.4],159.8,[141.3 172. ],246.5,[220.7 292.5],mm,a_axis,bootstrapping,ellipse,sense4_b2-20-0.jpg
sense4_b2-20-1_IG1_full_set_1_pred_grains_re_scaled,1009,55.5,[53.8 57.8],92.2,[89.7 97.2],177.8,[165.4 187.3],293.4,[276.3 309.2],mm,a_axis,bootstrapping,ellipse,sense4_b2-20-1.jpg
sense4_b2-20-2_IG1_full_set_1_pred_grains_re_scaled,268,55.8,[51.5 62.2],102.1,[ 89.8 113.7],193.6,[177.1 221.2],318.9,[275.9 381. ],mm,a_axis,bootstrapping,ellipse,sense4_b2-20-2.jpg
sense4_b2-20-3_IG1_full_set_1_pred_grains_re_scaled,455,64.2,[59.2 67.2],117.7,[104.3 128.8],233.2,[210.9 265.3],372.7,[350.4 409.2],mm,a_axis,bootstrapping,ellipse,sense4_b2-20-3.jpg
sense4_b2-20-4_IG1_full_set_1_pred_grains_re_scaled,913,54.5,[51.9 56.8],99.4,[ 94.2 105.1],210.9,[196.7 230.7],356.3,[328.6 386.3],mm,a_axis,bootstrapping,ellipse,sense4_b2-20-4.jpg
sense4_b2-20-5_IG1_full_set_1_pred_grains_re_scaled,11,76.2,[60.5 83.7],85.2,[ 81.  104.4],119.1,[ 86.  209.5],182.1,[ 97.5 209.5],mm,a_axis,bootstrapping,ellipse,sense4_b2-20-5.jpg
sense4_b2-21-0_IG1_full_set_1_pred_grains_re_scaled,531,55.7,[53. 59.],100.8,[ 93.9 107.2],200.4,[181.2 215.9],356.4,[287.8 399.3],mm,a_axis,bootstrapping,ellipse,sense4_b2-21-0.jpg
sense4_b2-21-1_IG1_full_set_1_pred_grains_re_scaled,510,55.2,[51.9 59.2],90.3,[86.3 95.1],174.4,[161.5 189.7],318.3,[287.8 365.7],mm,a_axis,bootstrapping,ellipse,sense4_b2-21-1.jpg
sense4_b2-21-2_IG1_full_set_1_pred_grains_re_scaled,563,58.5,[56.3 62.4],110.2,[102.1 119. ],228.7,[210.6 250.1],366.5,[336.7 410.4],mm,a_axis,bootstrapping,ellipse,sense4_b2-21-2.jpg
sense4_b2-21-3_IG1_full_set_1_pred_grains_re_scaled,652,61.3,[57.9 66.5],125.3,[117.8 134.7],279.8,[251.  300.8],399.5,[378.5 431.4],mm,a_axis,bootstrapping,ellipse,sense4_b2-21-3.jpg
sense4_b2-21-4_IG1_full_set_1_pred_grains_re_scaled,605,50.8,[48. 53.],82.7,[76.8 87.8],159.1,[149.8 170.7],288.6,[234.5 326.6],mm,a_axis,bootstrapping,ellipse,sense4_b2-21-4.jpg
sense4_b2-22-0_IG1_full_set_1_pred_grains_re_scaled,541,62.9,[59.2 66. ],107.0,[101.3 117.9],205.0,[195.5 230.3],363.3,[324.8 407.2],mm,a_axis,bootstrapping,ellipse,sense4_b2-22-0.jpg
sense4_b2-22-1_IG1_full_set_1_pred_grains_re_scaled,322,58.2,[54.5 63.4],122.2,[106.3 133.4],257.1,[229.2 281.8],392.7,[350.7 469.9],mm,a_axis,bootstrapping,ellipse,sense4_b2-22-1.jpg
sense4_b2-22-2_IG1_full_set_1_pred_grains_re_scaled,624,63.7,[60.4 68.6],121.2,[113.4 128.5],249.0,[226.3 273.1],382.6,[356.6 416.3],mm,a_axis,bootstrapping,ellipse,sense4_b2-22-2.jpg
sense4_b2-22-3_IG1_full_set_1_pred_grains_re_scaled,742,60.8,[56.3 64.4],119.1,[109.8 125.2],232.1,[216.1 249.3],367.5,[338.2 380.7],mm,a_axis,bootstrapping,ellipse,sense4_b2-22-3.jpg
sense4_b2-22-4_IG1_full_set_1_pred_grains_re_scaled,69,59.3,[47.6 68.4],106.5,[ 91.4 118.7],174.0,[160.5 209. ],260.1,[201.1 426.9],mm,a_axis,bootstrapping,ellipse,sense4_b2-22-4.jpg
sense4_b2-23-0_IG1_full_set_1_pred_grains_re_scaled,588,60.8,[58.1 64.9],108.9,[100.6 115.7],220.4,[204.3 238.6],401.3,[341.7 432.8],mm,a_axis,bootstrapping,ellipse,sense4_b2-23-0.jpg
sense4_b2-23-1_IG1_full_set_1_pred_grains_re_scaled,180,71.2,[62.  88.1],166.6,[136.1 189.2],307.4,[269.3 372.4],480.8,[410.6 606.6],mm,a_axis,bootstrapping,ellipse,sense4_b2-23-1.jpg
sense4_b2-23-2_IG1_full_set_1_pred_grains_re_scaled,843,72.0,[68.2 76.6],138.7,[130.6 147. ],237.8,[228.3 247. ],323.5,[313.9 345.2],mm,a_axis,bootstrapping,ellipse,sense4_b2-23-2.jpg
sense4_b2-23-3_IG1_full_set_1_pred_grains_re_scaled,292,57.7,[53.9 63.8],105.3,[ 93.5 110.2],204.1,[186.8 218. ],305.5,[254.  395.9],mm,a_axis,bootstrapping,ellipse,sense4_b2-23-3.jpg
sense4_b2-24-0_IG1_full_set_1_pred_grains_re_scaled,458,55.1,[52.4 58.7],99.9,[ 92.1 109.5],229.2,[206.9 253.2],449.2,[347.7 514.3],mm,a_axis,bootstrapping,ellipse,sense4_b2-24-0.jpg
sense4_b2-24-1_IG1_full_set_1_pred_grains_re_scaled,620,62.7,[59.  67.6],123.4,[114.6 131.9],238.7,[218.4 258.2],348.5,[315.1 381.6],mm,a_axis,bootstrapping,ellipse,sense4_b2-24-1.jpg
sense4_b2-24-2_IG1_full_set_1_pred_grains_re_scaled,185,84.3,[77.6 94.2],154.6,[139.5 168.6],247.3,[220.6 267.9],343.2,[303.2 421.7],mm,a_axis,bootstrapping,ellipse,sense4_b2-24-2.jpg
sense4_b2-25-0_IG1_full_set_1_pred_grains_re_scaled,56,66.3,[52.9 84.4],128.5,[ 96.4 209.9],299.1,[280.6 341. ],396.6,[310.3 419.7],mm,a_axis,bootstrapping,ellipse,sense4_b2-25-0.jpg
sense4_b2-25-1_IG1_full_set_1_pred_grains_re_scaled,3,72.4,[ 68.  144.9],82.7,[ 68.  144.9],125.0,[ 68.  144.9],139.9,[ 68.  144.9],mm,a_axis,bootstrapping,ellipse,sense4_b2-25-1.jpg
