Image/Masks,number of grains,D16,CI D16 (95%),D50,CI D50 (95%),D84,CI D84 (95%),D96,CI D96 (95%),unit,axis,method,grain approximation,NAME
sense4_b4-0-3_IG1_full_set_1_pred_grains_re_scaled,446,54.5,[52.4 58.8],103.3,[ 95.5 115.1],235.3,[212.5 259.8],373.1,[339.3 426.4],mm,a_axis,bootstrapping,ellipse,sense4_b4-0-3.jpg
sense4_b4-0-4_IG1_full_set_1_pred_grains_re_scaled,31,65.1,[46.8 90.5],138.8,[ 90.5 195.5],271.4,[186.2 344.1],401.8,[265.9 632.8],mm,a_axis,bootstrapping,ellipse,sense4_b4-0-4.jpg
sense4_b4-1-2_IG1_full_set_1_pred_grains_re_scaled,133,55.7,[49.3 59.9],87.7,[ 79.5 100.5],197.2,[160.1 225.1],287.5,[232.9 307.1],mm,a_axis,bootstrapping,ellipse,sense4_b4-1-2.jpg
sense4_b4-1-3_IG1_full_set_1_pred_grains_re_scaled,1388,47.9,[47.2 49.1],72.9,[70.7 75.3],134.8,[126.5 140.3],227.5,[212.1 246.9],mm,a_axis,bootstrapping,ellipse,sense4_b4-1-3.jpg
sense4_b4-1-4_IG1_full_set_1_pred_grains_re_scaled,332,56.4,[51.7 61.9],108.4,[ 97.5 122.2],248.0,[211.8 266.4],425.4,[356.7 490.3],mm,a_axis,bootstrapping,ellipse,sense4_b4-1-4.jpg
sense4_b4-2-1_IG1_full_set_1_pred_grains_re_scaled,0,0.0,0.0,0.0,0.0,0.0,0.0,0.0,0.0,mm,a_axis,bootstrapping,ellipse,sense4_b4-2-1.jpg
sense4_b4-2-2_IG1_full_set_1_pred_grains_re_scaled,1029,51.1,[49.5 52.5],80.3,[77.3 84.9],136.8,[131.7 145.8],238.0,[219.9 260.2],mm,a_axis,bootstrapping,ellipse,sense4_b4-2-2.jpg
sense4_b4-2-3_IG1_full_set_1_pred_grains_re_scaled,629,50.1,[48.2 51.6],82.1,[77.9 87.4],160.2,[146.3 175. ],248.7,[229.2 276.2],mm,a_axis,bootstrapping,ellipse,sense4_b4-2-3.jpg
sense4_b4-2-4_IG1_full_set_1_pred_grains_re_scaled,825,49.3,[47.4 51.4],79.4,[75.4 83.9],154.1,[141.7 163. ],261.7,[239.5 288.1],mm,a_axis,bootstrapping,ellipse,sense4_b4-2-4.jpg
sense4_b4-3-1_IG1_full_set_1_pred_grains_re_scaled,482,53.1,[50.6 56. ],83.8,[80.3 90.7],156.2,[143.9 170.5],291.0,[235.1 332.3],mm,a_axis,bootstrapping,ellipse,sense4_b4-3-1.jpg
sense4_b4-3-2_IG1_full_set_1_pred_grains_re_scaled,681,47.7,[46.5 49.6],74.4,[69.3 78.2],139.4,[127.7 151.2],230.4,[217.5 259.5],mm,a_axis,bootstrapping,ellipse,sense4_b4-3-2.jpg
sense4_b4-3-3_IG1_full_set_1_pred_grains_re_scaled,1132,52.0,[50.5 53.7],83.4,[80.1 86.3],156.3,[148.3 163.5],247.7,[231. 267.],mm,a_axis,bootstrapping,ellipse,sense4_b4-3-3.jpg
sense4_b4-3-4_IG1_full_set_1_pred_grains_re_scaled,1085,53.4,[51.5 54.9],88.9,[85.6 93. ],181.0,[170.5 197.6],313.5,[292.7 332.7],mm,a_axis,bootstrapping,ellipse,sense4_b4-3-4.jpg
sense4_b4-3-5_IG1_full_set_1_pred_grains_re_scaled,27,51.7,[42.2 67.9],87.3,[66.8 98. ],124.9,[ 95.  252.7],261.2,[124.4 440.6],mm,a_axis,bootstrapping,ellipse,sense4_b4-3-5.jpg
sense4_b4-4-0_IG1_full_set_1_pred_grains_re_scaled,86,58.6,[50.8 66. ],96.7,[ 86.5 112.4],197.9,[149.2 222.9],258.2,[221.1 316.5],mm,a_axis,bootstrapping,ellipse,sense4_b4-4-0.jpg
sense4_b4-4-1_IG1_full_set_1_pred_grains_re_scaled,614,54.3,[51.2 57.7],99.0,[ 92.5 104.9],195.7,[180.9 213. ],315.2,[284.8 357.9],mm,a_axis,bootstrapping,ellipse,sense4_b4-4-1.jpg
sense4_b4-4-2_IG1_full_set_1_pred_grains_re_scaled,920,50.6,[48.6 52.9],82.6,[78.2 85.9],159.5,[148.7 168.8],274.1,[252.7 300.6],mm,a_axis,bootstrapping,ellipse,sense4_b4-4-2.jpg
sense4_b4-4-3_IG1_full_set_1_pred_grains_re_scaled,1058,51.6,[49.7 53. ],80.8,[77.4 83.5],142.3,[135.2 150.7],229.3,[213.  247.1],mm,a_axis,bootstrapping,ellipse,sense4_b4-4-3.jpg
sense4_b4-4-4_IG1_full_set_1_pred_grains_re_scaled,889,57.8,[55.2 60.8],107.4,[100.4 114.2],223.0,[201.8 244.2],365.9,[337.4 392.2],mm,a_axis,bootstrapping,ellipse,sense4_b4-4-4.jpg
sense4_b4-4-5_IG1_full_set_1_pred_grains_re_scaled,479,52.2,[49.8 55.7],89.7,[84.3 97.2],168.1,[156.4 185.9],266.7,[252.7 330.2],mm,a_axis,bootstrapping,ellipse,sense4_b4-4-5.jpg
sense4_b4-4-6_IG1_full_set_1_pred_grains_re_scaled,0,0.0,0.0,0.0,0.0,0.0,0.0,0.0,0.0,mm,a_axis,bootstrapping,ellipse,sense4_b4-4-6.jpg
sense4_b4-5-0_IG1_full_set_1_pred_grains_re_scaled,686,52.6,[50.2 54.2],84.0,[79.9 90.4],169.0,[155.5 184.6],283.3,[251.  313.3],mm,a_axis,bootstrapping,ellipse,sense4_b4-5-0.jpg
sense4_b4-5-1_IG1_full_set_1_pred_grains_re_scaled,664,49.5,[47.4 51.9],81.6,[77.3 85.5],159.8,[147.  173.5],290.0,[248.2 335.3],mm,a_axis,bootstrapping,ellipse,sense4_b4-5-1.jpg
sense4_b4-5-2_IG1_full_set_1_pred_grains_re_scaled,1338,51.0,[49.6 52.1],81.4,[78.7 84.8],156.2,[149.3 164.7],244.4,[236.3 260.7],mm,a_axis,bootstrapping,ellipse,sense4_b4-5-2.jpg
sense4_b4-5-3_IG1_full_set_1_pred_grains_re_scaled,680,51.0,[49.1 52.4],76.5,[73.8 83.4],161.3,[146.8 169.6],282.5,[243.1 347.4],mm,a_axis,bootstrapping,ellipse,sense4_b4-5-3.jpg
sense4_b4-5-4_IG1_full_set_1_pred_grains_re_scaled,1054,52.4,[51.1 54.2],84.8,[81.8 89.3],169.9,[154.6 181.5],303.9,[276.4 335. ],mm,a_axis,bootstrapping,ellipse,sense4_b4-5-4.jpg
sense4_b4-5-5_IG1_full_set_1_pred_grains_re_scaled,555,52.3,[49.5 56.1],83.1,[78.6 86.4],156.9,[141.4 169.8],256.2,[236.7 317.1],mm,a_axis,bootstrapping,ellipse,sense4_b4-5-5.jpg
sense4_b4-5-6_IG1_full_set_1_pred_grains_re_scaled,711,54.9,[52.9 57.9],91.6,[87.6 96.8],165.1,[156.5 172.8],267.0,[232.3 293.2],mm,a_axis,bootstrapping,ellipse,sense4_b4-5-6.jpg
sense4_b4-5-7_IG1_full_set_1_pred_grains_re_scaled,0,0.0,0.0,0.0,0.0,0.0,0.0,0.0,0.0,mm,a_axis,bootstrapping,ellipse,sense4_b4-5-7.jpg
sense4_b4-6-0_IG1_full_set_1_pred_grains_re_scaled,969,48.4,[47.6 49.4],72.3,[69.4 75.3],145.1,[134.  157.2],311.9,[262.  338.1],mm,a_axis,bootstrapping,ellipse,sense4_b4-6-0.jpg
sense4_b4-6-1_IG1_full_set_1_pred_grains_re_scaled,632,52.7,[50.4 55.8],90.0,[84.5 98. ],183.3,[164.3 195.4],269.6,[258.5 304.2],mm,a_axis,bootstrapping,ellipse,sense4_b4-6-1.jpg
sense4_b4-6-2_IG1_full_set_1_pred_grains_re_scaled,1067,54.8,[52.8 57. ],94.8,[90.3 97.9],177.9,[165.5 189.5],306.5,[278.3 343.4],mm,a_axis,bootstrapping,ellipse,sense4_b4-6-2.jpg
sense4_b4-6-3_IG1_full_set_1_pred_grains_re_scaled,1067,50.4,[48.7 52.2],87.7,[84.2 91.7],188.0,[172.6 197.5],329.4,[300.  365.6],mm,a_axis,bootstrapping,ellipse,sense4_b4-6-3.jpg
sense4_b4-6-4_IG1_full_set_1_pred_grains_re_scaled,998,50.2,[48.5 52.3],83.0,[79.4 86.4],173.5,[158.6 186.9],312.0,[284.8 366.5],mm,a_axis,bootstrapping,ellipse,sense4_b4-6-4.jpg
sense4_b4-6-5_IG1_full_set_1_pred_grains_re_scaled,935,49.9,[48.1 52.3],84.8,[80.8 88.9],165.0,[153.8 183.9],304.6,[268.6 331.6],mm,a_axis,bootstrapping,ellipse,sense4_b4-6-5.jpg
sense4_b4-6-6_IG1_full_set_1_pred_grains_re_scaled,381,53.0,[49.6 56.2],85.1,[78.8 91.6],165.1,[144.2 202.5],365.6,[300.1 429.6],mm,a_axis,bootstrapping,ellipse,sense4_b4-6-6.jpg
sense4_b4-6-7_IG1_full_set_1_pred_grains_re_scaled,7,69.8,[50.5 79.3],79.3,[ 72.  189.5],192.8,[ 79.3 273.4],253.2,[ 86.6 273.4],mm,a_axis,bootstrapping,ellipse,sense4_b4-6-7.jpg
sense4_b4-7-0_IG1_full_set_1_pred_grains_re_scaled,667,52.5,[50.2 53.9],81.2,[78.2 85. ],151.5,[141.4 165.7],258.4,[237.2 291.8],mm,a_axis,bootstrapping,ellipse,sense4_b4-7-0.jpg
sense4_b4-7-1_IG1_full_set_1_pred_grains_re_scaled,78,59.7,[50.7 70.3],102.1,[ 84.7 127.2],187.2,[158.5 293.2],333.6,[231.5 352.3],mm,a_axis,bootstrapping,ellipse,sense4_b4-7-1.jpg
sense4_b4-7-2_IG1_full_set_1_pred_grains_re_scaled,1074,52.3,[50.6 53.2],84.1,[80.  87.7],148.9,[141.2 159.1],244.1,[221. 264.],mm,a_axis,bootstrapping,ellipse,sense4_b4-7-2.jpg
sense4_b4-7-3_IG1_full_set_1_pred_grains_re_scaled,1107,51.0,[49.3 52.6],83.3,[79.2 87.2],186.0,[173.1 198.6],339.7,[305.  364.7],mm,a_axis,bootstrapping,ellipse,sense4_b4-7-3.jpg
sense4_b4-7-4_IG1_full_set_1_pred_grains_re_scaled,620,63.0,[59.3 65.8],109.4,[103.6 119.3],249.3,[224.4 267.6],393.3,[352.5 416.9],mm,a_axis,bootstrapping,ellipse,sense4_b4-7-4.jpg
sense4_b4-7-5_IG1_full_set_1_pred_grains_re_scaled,902,53.4,[51.6 55. ],89.7,[86.7 94.1],173.5,[164.1 187.1],335.3,[301.  421.6],mm,a_axis,bootstrapping,ellipse,sense4_b4-7-5.jpg
sense4_b4-7-6_IG1_full_set_1_pred_grains_re_scaled,4,93.6,[ 90.6 160. ],103.4,[ 90.6 236.5],175.5,[ 97.4 236.5],221.2,[ 97.4 236.5],mm,a_axis,bootstrapping,ellipse,sense4_b4-7-6.jpg
sense4_b4-8-0_IG1_full_set_1_pred_grains_re_scaled,751,49.8,[48.4 51.7],76.9,[73.1 81.3],133.6,[125.2 147.2],233.0,[201.3 253.3],mm,a_axis,bootstrapping,ellipse,sense4_b4-8-0.jpg
sense4_b4-8-1_IG1_full_set_1_pred_grains_re_scaled,588,47.6,[46.7 49.5],69.1,[65.6 72.9],139.4,[123.7 151.9],268.1,[224.2 336.9],mm,a_axis,bootstrapping,ellipse,sense4_b4-8-1.jpg
sense4_b4-8-2_IG1_full_set_1_pred_grains_re_scaled,671,56.7,[53.5 60.1],103.3,[ 98.  110.4],203.3,[187.7 217.6],299.7,[281.9 340.8],mm,a_axis,bootstrapping,ellipse,sense4_b4-8-2.jpg
sense4_b4-8-3_IG1_full_set_1_pred_grains_re_scaled,857,61.5,[59.3 65.3],119.9,[111.3 126.5],238.2,[226.1 250.4],354.5,[332.5 379.9],mm,a_axis,bootstrapping,ellipse,sense4_b4-8-3.jpg
sense4_b4-8-4_IG1_full_set_1_pred_grains_re_scaled,715,61.6,[59.5 63.8],113.1,[107. 123.],276.2,[255.9 290.1],425.3,[393.6 455.6],mm,a_axis,bootstrapping,ellipse,sense4_b4-8-4.jpg
sense4_b4-8-5_IG1_full_set_1_pred_grains_re_scaled,876,56.8,[55.1 59.2],106.0,[ 99.4 112.1],218.5,[208.1 232.6],341.1,[319.1 379.7],mm,a_axis,bootstrapping,ellipse,sense4_b4-8-5.jpg
sense4_b4-9-0_IG1_full_set_1_pred_grains_re_scaled,747,52.6,[50.2 54.7],81.2,[77.2 83.4],141.6,[133.9 157. ],284.8,[240.5 322.7],mm,a_axis,bootstrapping,ellipse,sense4_b4-9-0.jpg
sense4_b4-9-1_IG1_full_set_1_pred_grains_re_scaled,320,59.3,[54.6 65.5],115.6,[101.6 128.4],257.9,[215.1 303.2],428.6,[367.3 480.4],mm,a_axis,bootstrapping,ellipse,sense4_b4-9-1.jpg
sense4_b4-9-2_IG1_full_set_1_pred_grains_re_scaled,586,53.4,[51.4 56.2],89.8,[82.6 95.5],177.4,[164.1 199.7],320.8,[281.8 359.1],mm,a_axis,bootstrapping,ellipse,sense4_b4-9-2.jpg
sense4_b4-9-3_IG1_full_set_1_pred_grains_re_scaled,600,58.1,[53.2 61.6],112.5,[106.3 121.6],268.2,[237.1 288.4],391.6,[367.  427.5],mm,a_axis,bootstrapping,ellipse,sense4_b4-9-3.jpg
sense4_b4-9-4_IG1_full_set_1_pred_grains_re_scaled,477,69.0,[61.6 73.8],142.8,[129.2 154.1],302.4,[275.5 334.6],480.8,[447.4 530. ],mm,a_axis,bootstrapping,ellipse,sense4_b4-9-4.jpg
sense4_b4-9-5_IG1_full_set_1_pred_grains_re_scaled,629,55.0,[52.7 57.7],97.3,[ 91.5 104.2],239.8,[216.8 260.2],410.8,[357.  449.8],mm,a_axis,bootstrapping,ellipse,sense4_b4-9-5.jpg
sense4_b4-10-0_IG1_full_set_1_pred_grains_re_scaled,158,54.1,[49.8 57.4],82.6,[74.2 92. ],146.3,[128.7 162.9],234.6,[189.6 276.3],mm,a_axis,bootstrapping,ellipse,sense4_b4-10-0.jpg
sense4_b4-10-1_IG1_full_set_1_pred_grains_re_scaled,303,59.6,[54.5 64.2],109.8,[ 99.  122.5],254.2,[205. 280.],420.5,[376.7 498.2],mm,a_axis,bootstrapping,ellipse,sense4_b4-10-1.jpg
sense4_b4-10-2_IG1_full_set_1_pred_grains_re_scaled,541,54.2,[52.6 57.6],89.0,[85.9 98.5],200.4,[179.6 227. ],375.2,[326.5 419.2],mm,a_axis,bootstrapping,ellipse,sense4_b4-10-2.jpg
sense4_b4-10-3_IG1_full_set_1_pred_grains_re_scaled,369,61.3,[58.5 64.3],113.0,[105.6 124.7],233.9,[213.9 258.2],367.5,[316.1 486. ],mm,a_axis,bootstrapping,ellipse,sense4_b4-10-3.jpg
sense4_b4-10-4_IG1_full_set_1_pred_grains_re_scaled,548,65.2,[60.7 69.7],122.7,[115.3 132. ],270.4,[247.7 290.1],400.9,[385.1 439.3],mm,a_axis,bootstrapping,ellipse,sense4_b4-10-4.jpg
sense4_b4-10-5_IG1_full_set_1_pred_grains_re_scaled,437,63.5,[59.9 69.7],125.4,[113.1 142.5],290.0,[249.8 306.9],424.7,[379.7 468.9],mm,a_axis,bootstrapping,ellipse,sense4_b4-10-5.jpg
sense4_b4-10-6_IG1_full_set_1_pred_grains_re_scaled,0,0.0,0.0,0.0,0.0,0.0,0.0,0.0,0.0,mm,a_axis,bootstrapping,ellipse,sense4_b4-10-6.jpg
sense4_b4-11-1_IG1_full_set_1_pred_grains_re_scaled,402,51.7,[49.7 54. ],76.4,[71.9 83.4],151.4,[128.2 165.7],246.2,[210.8 271.4],mm,a_axis,bootstrapping,ellipse,sense4_b4-11-1.jpg
sense4_b4-11-2_IG1_full_set_1_pred_grains_re_scaled,678,53.1,[51.3 54.7],88.1,[83.  94.3],180.3,[170.3 195.6],333.0,[295.5 368.6],mm,a_axis,bootstrapping,ellipse,sense4_b4-11-2.jpg
sense4_b4-11-3_IG1_full_set_1_pred_grains_re_scaled,252,69.9,[62.  78.1],144.5,[122.1 167. ],347.1,[302.1 391.2],624.7,[514.5 718.6],mm,a_axis,bootstrapping,ellipse,sense4_b4-11-3.jpg
sense4_b4-11-4_IG1_full_set_1_pred_grains_re_scaled,418,59.4,[55.7 64.3],105.6,[101.1 118.6],234.5,[222.7 269. ],421.3,[374.3 437.7],mm,a_axis,bootstrapping,ellipse,sense4_b4-11-4.jpg
sense4_b4-11-5_IG1_full_set_1_pred_grains_re_scaled,463,59.3,[56.  63.8],107.8,[101.6 117.7],231.0,[209.9 257.2],370.0,[323.  437.5],mm,a_axis,bootstrapping,ellipse,sense4_b4-11-5.jpg
sense4_b4-11-6_IG1_full_set_1_pred_grains_re_scaled,25,65.9,[48.6 84.3],108.8,[ 77.  132.3],153.4,[128.5 200.9],202.8,[151.2 250.1],mm,a_axis,bootstrapping,ellipse,sense4_b4-11-6.jpg
sense4_b4-12-1_IG1_full_set_1_pred_grains_re_scaled,0,0.0,0.0,0.0,0.0,0.0,0.0,0.0,0.0,mm,a_axis,bootstrapping,ellipse,sense4_b4-12-1.jpg
sense4_b4-12-2_IG1_full_set_1_pred_grains_re_scaled,145,64.5,[59.8 71.3],109.7,[ 96.1 123.6],247.3,[190.3 281.6],388.1,[349.1 439.4],mm,a_axis,bootstrapping,ellipse,sense4_b4-12-2.jpg
sense4_b4-12-3_IG1_full_set_1_pred_grains_re_scaled,47,56.9,[48.7 73.5],107.8,[ 80.9 134.1],295.2,[157.7 434.8],499.5,[324.4 723.4],mm,a_axis,bootstrapping,ellipse,sense4_b4-12-3.jpg
sense4_b4-12-4_IG1_full_set_1_pred_grains_re_scaled,0,0.0,0.0,0.0,0.0,0.0,0.0,0.0,0.0,mm,a_axis,bootstrapping,ellipse,sense4_b4-12-4.jpg
