Image/Masks,number of grains,D16,CI D16 (95%),D50,CI D50 (95%),D84,CI D84 (95%),D96,CI D96 (95%),unit,axis,method,grain approximation,NAME
sense3-0-7_IG1_full_set_1_pred_grains_re_scaled,0,0.0,0.0,0.0,0.0,0.0,0.0,0.0,0.0,mm,a_axis,bootstrapping,ellipse,sense3-0-7.jpg
sense3-0-8_IG1_full_set_1_pred_grains_re_scaled,127,47.4,[43.8 53. ],63.1,[59.1 65.1],87.6,[78.9 96.7],116.2,[101.2 126.4],mm,a_axis,bootstrapping,ellipse,sense3-0-8.jpg
sense3-0-9_IG1_full_set_1_pred_grains_re_scaled,802,46.8,[45.5 47.6],64.7,[62.6 67.6],105.1,[ 98.8 111.8],148.0,[136.7 158.7],mm,a_axis,bootstrapping,ellipse,sense3-0-9.jpg
sense3-0-10_IG1_full_set_1_pred_grains_re_scaled,1033,49.8,[48.6 51.2],75.2,[73.  77.2],134.9,[126.9 139.8],183.6,[177.6 205.8],mm,a_axis,bootstrapping,ellipse,sense3-0-10.jpg
sense3-0-11_IG1_full_set_1_pred_grains_re_scaled,1418,50.2,[49.3 51.4],77.4,[74.6 79.7],142.4,[136.  150.5],253.1,[238.2 267.4],mm,a_axis,bootstrapping,ellipse,sense3-0-11.jpg
sense3-0-12_IG1_full_set_1_pred_grains_re_scaled,1403,47.1,[45.9 48.5],69.7,[67.8 71.9],120.4,[113.8 125.9],203.1,[189.2 210.9],mm,a_axis,bootstrapping,ellipse,sense3-0-12.jpg
sense3-0-13_IG1_full_set_1_pred_grains_re_scaled,945,47.6,[46.9 48.9],67.7,[66. 69.],103.8,[ 99.9 108.4],150.4,[136.4 171. ],mm,a_axis,bootstrapping,ellipse,sense3-0-13.jpg
sense3-0-14_IG1_full_set_1_pred_grains_re_scaled,1082,46.8,[45.8 48.7],68.2,[66.  70.2],105.1,[100.3 109.4],160.3,[151.9 171.9],mm,a_axis,bootstrapping,ellipse,sense3-0-14.jpg
sense3-0-15_IG1_full_set_1_pred_grains_re_scaled,1068,49.2,[47.9 50.1],74.0,[70.7 76.4],130.5,[125.3 137.2],193.8,[180.9 205.2],mm,a_axis,bootstrapping,ellipse,sense3-0-15.jpg
sense3-0-16_IG1_full_set_1_pred_grains_re_scaled,803,54.6,[52.2 56.3],84.2,[81.4 89.1],146.3,[137.2 154.3],210.3,[190.9 224.1],mm,a_axis,bootstrapping,ellipse,sense3-0-16.jpg
sense3-0-17_IG1_full_set_1_pred_grains_re_scaled,899,50.7,[49.1 52.3],79.2,[76.7 83.1],142.8,[132.5 155. ],238.4,[217.6 262. ],mm,a_axis,bootstrapping,ellipse,sense3-0-17.jpg
sense3-0-18_IG1_full_set_1_pred_grains_re_scaled,1092,49.5,[48.  50.9],74.3,[71.8 77.1],128.3,[121.6 136.3],220.9,[192.6 248.8],mm,a_axis,bootstrapping,ellipse,sense3-0-18.jpg
sense3-0-19_IG1_full_set_1_pred_grains_re_scaled,990,51.2,[49.5 52.8],77.8,[75.1 81.1],132.6,[124.9 141.6],203.9,[185.  218.5],mm,a_axis,bootstrapping,ellipse,sense3-0-19.jpg
sense3-0-20_IG1_full_set_1_pred_grains_re_scaled,582,49.8,[48.5 51.3],72.6,[69.6 75.9],119.6,[112.3 128.6],196.8,[170.6 220.4],mm,a_axis,bootstrapping,ellipse,sense3-0-20.jpg
sense3-0-21_IG1_full_set_1_pred_grains_re_scaled,150,47.1,[44.  49.2],67.4,[61.9 78. ],115.9,[ 98.3 138.2],211.2,[166.  238.8],mm,a_axis,bootstrapping,ellipse,sense3-0-21.jpg
sense3-0-22_IG1_full_set_1_pred_grains_re_scaled,198,49.8,[47.8 52.9],74.0,[68.8 80.5],127.9,[115.6 139.4],174.3,[161.3 212.4],mm,a_axis,bootstrapping,ellipse,sense3-0-22.jpg
sense3-0-23_IG1_full_set_1_pred_grains_re_scaled,67,51.3,[44.4 54.9],73.0,[63.2 83. ],121.7,[ 90.4 173.1],204.9,[151.8 232.2],mm,a_axis,bootstrapping,ellipse,sense3-0-23.jpg
sense3-0-24_IG1_full_set_1_pred_grains_re_scaled,10,38.3,[35.7 64.8],65.5,[ 38.5 138.7],152.6,[ 65.6 292.5],246.0,[112.1 292.5],mm,a_axis,bootstrapping,ellipse,sense3-0-24.jpg
sense3-0-25_IG1_full_set_1_pred_grains_re_scaled,0,0.0,0.0,0.0,0.0,0.0,0.0,0.0,0.0,mm,a_axis,bootstrapping,ellipse,sense3-0-25.jpg
sense3-1-4_IG1_full_set_1_pred_grains_re_scaled,0,0.0,0.0,0.0,0.0,0.0,0.0,0.0,0.0,mm,a_axis,bootstrapping,ellipse,sense3-1-4.jpg
sense3-1-5_IG1_full_set_1_pred_grains_re_scaled,536,48.9,[47.3 50.5],68.3,[66.2 70.6],111.2,[102.9 119.5],169.1,[153.2 194.4],mm,a_axis,bootstrapping,ellipse,sense3-1-5.jpg
sense3-1-6_IG1_full_set_1_pred_grains_re_scaled,1035,48.4,[47.4 49.5],68.9,[67.4 70.6],101.1,[ 97.8 103.5],145.4,[136.7 154.5],mm,a_axis,bootstrapping,ellipse,sense3-1-6.jpg
sense3-1-7_IG1_full_set_1_pred_grains_re_scaled,1064,46.5,[45.5 47.9],66.5,[64.8 68.3],105.6,[100.5 110. ],152.2,[142.9 161.5],mm,a_axis,bootstrapping,ellipse,sense3-1-7.jpg
sense3-1-8_IG1_full_set_1_pred_grains_re_scaled,2100,47.2,[46.7 48.3],70.0,[68.  71.7],108.4,[105.6 110.8],161.1,[151.4 171.7],mm,a_axis,bootstrapping,ellipse,sense3-1-8.jpg
sense3-1-9_IG1_full_set_1_pred_grains_re_scaled,2048,49.5,[48.4 50.8],73.5,[71.8 75.1],119.5,[116.5 122.8],176.3,[168.2 186. ],mm,a_axis,bootstrapping,ellipse,sense3-1-9.jpg
sense3-1-10_IG1_full_set_1_pred_grains_re_scaled,1802,50.2,[49.3 51.2],76.2,[74.2 78.7],133.0,[126.4 139.6],204.6,[194.5 218.2],mm,a_axis,bootstrapping,ellipse,sense3-1-10.jpg
sense3-1-11_IG1_full_set_1_pred_grains_re_scaled,1873,49.6,[48.6 50.9],76.1,[73.5 78.3],133.5,[128.7 139. ],207.8,[196.7 225.5],mm,a_axis,bootstrapping,ellipse,sense3-1-11.jpg
sense3-1-12_IG1_full_set_1_pred_grains_re_scaled,1112,52.9,[50.7 54.7],83.2,[79.6 86.8],149.8,[141.5 160.6],248.2,[220. 270.],mm,a_axis,bootstrapping,ellipse,sense3-1-12.jpg
sense3-1-13_IG1_full_set_1_pred_grains_re_scaled,1670,48.1,[47.3 49.3],69.9,[68.  72.4],114.0,[107.6 117.8],167.2,[159.1 175.2],mm,a_axis,bootstrapping,ellipse,sense3-1-13.jpg
sense3-1-14_IG1_full_set_1_pred_grains_re_scaled,1075,45.2,[43.9 46.3],61.2,[59.8 62.6],87.1,[84.1 91.6],122.0,[115.1 130. ],mm,a_axis,bootstrapping,ellipse,sense3-1-14.jpg
sense3-1-15_IG1_full_set_1_pred_grains_re_scaled,847,46.0,[44.8 47.1],65.2,[62.6 67.2],98.4,[ 92.8 102.9],139.0,[129.7 154. ],mm,a_axis,bootstrapping,ellipse,sense3-1-15.jpg
sense3-1-16_IG1_full_set_1_pred_grains_re_scaled,1266,49.5,[48.7 50.7],74.9,[71.7 76.8],118.4,[113.9 123.4],175.9,[162.4 191.4],mm,a_axis,bootstrapping,ellipse,sense3-1-16.jpg
sense3-1-17_IG1_full_set_1_pred_grains_re_scaled,937,48.8,[47.6 50.7],75.1,[72.1 77.5],130.7,[122.9 137.2],203.8,[187.  222.8],mm,a_axis,bootstrapping,ellipse,sense3-1-17.jpg
sense3-1-18_IG1_full_set_1_pred_grains_re_scaled,272,54.1,[51.4 58.4],86.5,[80.4 97.9],174.0,[151.2 193.2],273.0,[231.7 354.5],mm,a_axis,bootstrapping,ellipse,sense3-1-18.jpg
sense3-1-19_IG1_full_set_1_pred_grains_re_scaled,764,51.8,[50.1 53.7],79.9,[74.5 84.1],144.4,[131.9 153.5],239.8,[202.5 259.2],mm,a_axis,bootstrapping,ellipse,sense3-1-19.jpg
sense3-1-20_IG1_full_set_1_pred_grains_re_scaled,927,49.5,[48.2 51.5],76.3,[73.6 79.5],128.7,[123.  134.1],212.5,[187.  226.9],mm,a_axis,bootstrapping,ellipse,sense3-1-20.jpg
sense3-1-21_IG1_full_set_1_pred_grains_re_scaled,1100,51.0,[49.3 52.3],78.5,[75.2 81.1],139.7,[129.9 150.1],232.5,[213.7 258.9],mm,a_axis,bootstrapping,ellipse,sense3-1-21.jpg
sense3-1-22_IG1_full_set_1_pred_grains_re_scaled,1620,48.6,[48.  49.6],74.0,[71.6 75.9],123.6,[117.8 128.8],201.3,[185.6 223.7],mm,a_axis,bootstrapping,ellipse,sense3-1-22.jpg
sense3-1-23_IG1_full_set_1_pred_grains_re_scaled,1081,49.4,[48.4 50.8],74.7,[73.1 77.7],129.5,[121.8 137.6],201.6,[193.3 220.3],mm,a_axis,bootstrapping,ellipse,sense3-1-23.jpg
sense3-1-24_IG1_full_set_1_pred_grains_re_scaled,622,49.0,[46.7 51.6],78.0,[74.4 82.5],131.4,[123.3 142.8],200.8,[182.  225.5],mm,a_axis,bootstrapping,ellipse,sense3-1-24.jpg
sense3-1-25_IG1_full_set_1_pred_grains_re_scaled,920,52.0,[50.5 53.8],81.2,[77.2 85.9],152.7,[144.8 160.2],245.9,[222.2 273.9],mm,a_axis,bootstrapping,ellipse,sense3-1-25.jpg
sense3-1-26_IG1_full_set_1_pred_grains_re_scaled,438,53.3,[51.2 56.3],83.6,[79.1 89.6],147.4,[136.1 165.9],243.9,[225.1 293.3],mm,a_axis,bootstrapping,ellipse,sense3-1-26.jpg
sense3-1-27_IG1_full_set_1_pred_grains_re_scaled,0,0.0,0.0,0.0,0.0,0.0,0.0,0.0,0.0,mm,a_axis,bootstrapping,ellipse,sense3-1-27.jpg
sense3-2-3_IG1_full_set_1_pred_grains_re_scaled,825,50.7,[49.  52.5],73.8,[70.6 76.2],121.1,[113.9 130.8],186.1,[165.6 199. ],mm,a_axis,bootstrapping,ellipse,sense3-2-3.jpg
sense3-2-4_IG1_full_set_1_pred_grains_re_scaled,1308,47.4,[46.8 48.4],69.1,[67.3 71.1],107.9,[104.9 113.6],159.9,[149.6 170.6],mm,a_axis,bootstrapping,ellipse,sense3-2-4.jpg
sense3-2-5_IG1_full_set_1_pred_grains_re_scaled,995,46.8,[45.6 48.1],68.5,[65.8 70.8],110.9,[105.4 118. ],161.3,[150.6 166.8],mm,a_axis,bootstrapping,ellipse,sense3-2-5.jpg
sense3-2-6_IG1_full_set_1_pred_grains_re_scaled,1246,47.4,[46.5 48.5],72.0,[69.4 74.3],118.1,[114.3 122.8],184.0,[175.4 190. ],mm,a_axis,bootstrapping,ellipse,sense3-2-6.jpg
sense3-2-7_IG1_full_set_1_pred_grains_re_scaled,1683,48.4,[47.3 49.6],76.4,[74.8 78.2],134.4,[129.7 141.3],206.8,[197.  220.1],mm,a_axis,bootstrapping,ellipse,sense3-2-7.jpg
sense3-2-8_IG1_full_set_1_pred_grains_re_scaled,1838,48.2,[47.1 49. ],71.0,[69.4 72.8],120.3,[116.6 125.5],201.1,[182.4 218.1],mm,a_axis,bootstrapping,ellipse,sense3-2-8.jpg
sense3-2-9_IG1_full_set_1_pred_grains_re_scaled,1995,49.1,[47.8 50.3],74.1,[72.6 76.4],124.0,[119.1 128.3],185.5,[178.6 198.7],mm,a_axis,bootstrapping,ellipse,sense3-2-9.jpg
sense3-2-10_IG1_full_set_1_pred_grains_re_scaled,1992,51.0,[49.7 52.1],79.3,[77.2 81.1],137.3,[132.5 144. ],209.2,[201.1 221.8],mm,a_axis,bootstrapping,ellipse,sense3-2-10.jpg
sense3-2-11_IG1_full_set_1_pred_grains_re_scaled,1872,51.5,[50.3 53.1],82.7,[79.6 84.6],141.2,[135.4 147. ],207.6,[200.5 227.9],mm,a_axis,bootstrapping,ellipse,sense3-2-11.jpg
sense3-2-12_IG1_full_set_1_pred_grains_re_scaled,1516,53.1,[51.8 55.2],85.8,[83.2 89.1],164.0,[154.2 173.8],252.9,[240.1 272.8],mm,a_axis,bootstrapping,ellipse,sense3-2-12.jpg
sense3-2-13_IG1_full_set_1_pred_grains_re_scaled,1726,50.7,[49.4 51.8],78.5,[76.5 81.5],140.1,[134.4 144.3],224.1,[213.3 237.2],mm,a_axis,bootstrapping,ellipse,sense3-2-13.jpg
sense3-2-14_IG1_full_set_1_pred_grains_re_scaled,1417,48.2,[46.7 49. ],70.2,[68.2 72.2],113.3,[109.9 119.8],171.8,[159.9 183.7],mm,a_axis,bootstrapping,ellipse,sense3-2-14.jpg
sense3-2-15_IG1_full_set_1_pred_grains_re_scaled,1130,47.6,[46.4 49.1],68.3,[66.5 70.5],107.3,[103.6 111.4],160.4,[148.9 169.3],mm,a_axis,bootstrapping,ellipse,sense3-2-15.jpg
sense3-2-16_IG1_full_set_1_pred_grains_re_scaled,428,49.5,[47.8 52.5],71.1,[67.8 75.6],116.5,[110.5 124.3],185.0,[163.9 210.8],mm,a_axis,bootstrapping,ellipse,sense3-2-16.jpg
sense3-2-17_IG1_full_set_1_pred_grains_re_scaled,296,57.4,[53.3 66.1],106.7,[ 99.6 116.6],221.2,[197.2 251.7],345.2,[304.5 405.1],mm,a_axis,bootstrapping,ellipse,sense3-2-17.jpg
sense3-2-18_IG1_full_set_1_pred_grains_re_scaled,923,48.7,[47.6 50. ],79.9,[76.3 83.4],151.8,[141.9 160.3],242.0,[216.6 267.7],mm,a_axis,bootstrapping,ellipse,sense3-2-18.jpg
sense3-2-19_IG1_full_set_1_pred_grains_re_scaled,811,53.4,[51.6 56.2],90.5,[85.  96.2],167.7,[157.  182.6],292.2,[266.7 309.7],mm,a_axis,bootstrapping,ellipse,sense3-2-19.jpg
sense3-2-20_IG1_full_set_1_pred_grains_re_scaled,1083,52.0,[50.2 53. ],82.2,[79.7 85.7],150.5,[142.1 158.5],265.1,[237.6 288. ],mm,a_axis,bootstrapping,ellipse,sense3-2-20.jpg
sense3-2-21_IG1_full_set_1_pred_grains_re_scaled,1307,49.0,[47.7 50.5],76.0,[73.2 79.2],138.5,[130.6 146. ],228.4,[210.2 248.1],mm,a_axis,bootstrapping,ellipse,sense3-2-21.jpg
sense3-2-22_IG1_full_set_1_pred_grains_re_scaled,1029,50.5,[49.2 51.9],79.1,[75.2 81.3],143.4,[132.4 151.9],249.0,[213.5 272.5],mm,a_axis,bootstrapping,ellipse,sense3-2-22.jpg
sense3-2-23_IG1_full_set_1_pred_grains_re_scaled,701,52.2,[49.7 54.3],83.5,[79.6 87.8],161.4,[147.7 177. ],281.8,[252.9 306.9],mm,a_axis,bootstrapping,ellipse,sense3-2-23.jpg
sense3-2-24_IG1_full_set_1_pred_grains_re_scaled,909,47.8,[46.5 50. ],73.7,[71.1 76.5],125.0,[117.8 131.3],217.2,[192.5 242.5],mm,a_axis,bootstrapping,ellipse,sense3-2-24.jpg
sense3-2-25_IG1_full_set_1_pred_grains_re_scaled,836,51.3,[49.8 53.2],80.6,[76.8 84. ],155.6,[144.8 170.4],270.3,[232.6 296.3],mm,a_axis,bootstrapping,ellipse,sense3-2-25.jpg
sense3-2-26_IG1_full_set_1_pred_grains_re_scaled,1040,52.6,[50.9 54.1],79.2,[76.5 82.8],145.1,[136.9 154. ],248.1,[238.1 261.2],mm,a_axis,bootstrapping,ellipse,sense3-2-26.jpg
sense3-2-27_IG1_full_set_1_pred_grains_re_scaled,99,52.3,[46.8 63.2],90.1,[ 77.1 110.3],159.9,[141.5 194.3],256.7,[195.5 290.5],mm,a_axis,bootstrapping,ellipse,sense3-2-27.jpg
sense3-3-2_IG1_full_set_1_pred_grains_re_scaled,0,0.0,0.0,0.0,0.0,0.0,0.0,0.0,0.0,mm,a_axis,bootstrapping,ellipse,sense3-3-2.jpg
sense3-3-3_IG1_full_set_1_pred_grains_re_scaled,2040,48.3,[47.6 49.5],70.2,[68.4 71.8],116.9,[113.2 122. ],177.7,[171.  191.9],mm,a_axis,bootstrapping,ellipse,sense3-3-3.jpg
sense3-3-4_IG1_full_set_1_pred_grains_re_scaled,1483,47.7,[46.9 48.6],71.8,[69.8 73.7],115.0,[109.5 120.6],182.7,[168.9 199.2],mm,a_axis,bootstrapping,ellipse,sense3-3-4.jpg
sense3-3-5_IG1_full_set_1_pred_grains_re_scaled,1412,45.8,[45.1 46.8],62.7,[61.4 64. ],96.0,[93.2 99.2],136.0,[129.7 146.8],mm,a_axis,bootstrapping,ellipse,sense3-3-5.jpg
sense3-3-6_IG1_full_set_1_pred_grains_re_scaled,2003,48.1,[47.3 49. ],70.4,[68.9 72. ],106.5,[103.5 111. ],156.5,[150.  162.6],mm,a_axis,bootstrapping,ellipse,sense3-3-6.jpg
sense3-3-7_IG1_full_set_1_pred_grains_re_scaled,2177,51.4,[50.4 52.1],77.2,[74.7 78.3],123.9,[120.5 128.6],178.6,[169.7 185. ],mm,a_axis,bootstrapping,ellipse,sense3-3-7.jpg
sense3-3-8_IG1_full_set_1_pred_grains_re_scaled,1673,50.9,[49.5 52. ],79.4,[76.8 81.3],138.7,[132.1 145.7],215.5,[201.4 228.2],mm,a_axis,bootstrapping,ellipse,sense3-3-8.jpg
sense3-3-9_IG1_full_set_1_pred_grains_re_scaled,1817,47.5,[46.4 48.4],68.3,[66.3 70.2],112.0,[107.5 116.6],164.0,[156.4 175.5],mm,a_axis,bootstrapping,ellipse,sense3-3-9.jpg
sense3-3-10_IG1_full_set_1_pred_grains_re_scaled,1791,47.3,[46.6 48.4],69.0,[67.1 70.7],107.3,[103.3 110.5],157.6,[148.9 164.1],mm,a_axis,bootstrapping,ellipse,sense3-3-10.jpg
sense3-3-11_IG1_full_set_1_pred_grains_re_scaled,2106,47.9,[47.2 48.9],70.2,[68.7 72. ],118.2,[114.4 122.1],172.0,[162.7 180.5],mm,a_axis,bootstrapping,ellipse,sense3-3-11.jpg
sense3-3-12_IG1_full_set_1_pred_grains_re_scaled,2085,48.6,[47.8 49.5],73.8,[71.5 75.5],126.2,[120.2 131.5],191.9,[182.3 200.2],mm,a_axis,bootstrapping,ellipse,sense3-3-12.jpg
sense3-3-13_IG1_full_set_1_pred_grains_re_scaled,1690,51.9,[50.8 53.5],81.3,[78.8 84.2],147.2,[141.3 153.2],230.8,[218.9 243.3],mm,a_axis,bootstrapping,ellipse,sense3-3-13.jpg
sense3-3-14_IG1_full_set_1_pred_grains_re_scaled,1813,49.7,[48.6 51. ],76.1,[74.1 78.1],130.0,[125.3 135.3],218.0,[205.9 231.3],mm,a_axis,bootstrapping,ellipse,sense3-3-14.jpg
sense3-3-15_IG1_full_set_1_pred_grains_re_scaled,1536,48.6,[47.7 49.8],71.7,[70.1 73.8],115.9,[110.2 120.5],194.2,[177.4 207.3],mm,a_axis,bootstrapping,ellipse,sense3-3-15.jpg
sense3-3-16_IG1_full_set_1_pred_grains_re_scaled,1338,47.8,[46.7 49.3],74.8,[71.9 77.3],128.4,[121.6 135.1],195.2,[180.5 210.3],mm,a_axis,bootstrapping,ellipse,sense3-3-16.jpg
sense3-3-17_IG1_full_set_1_pred_grains_re_scaled,428,53.2,[49.9 55.1],82.5,[77.9 89.6],145.1,[130.9 157. ],219.8,[193.6 246.7],mm,a_axis,bootstrapping,ellipse,sense3-3-17.jpg
sense3-3-18_IG1_full_set_1_pred_grains_re_scaled,828,51.7,[50.2 53.3],79.3,[76.7 82.9],150.7,[139.7 157.4],248.5,[216.  265.1],mm,a_axis,bootstrapping,ellipse,sense3-3-18.jpg
sense3-3-19_IG1_full_set_1_pred_grains_re_scaled,1234,48.8,[47.8 50.7],78.7,[76.3 81.7],138.6,[130.4 146.4],249.4,[235.5 278. ],mm,a_axis,bootstrapping,ellipse,sense3-3-19.jpg
sense3-3-20_IG1_full_set_1_pred_grains_re_scaled,906,49.6,[47.8 51.8],79.1,[76. 82.],149.4,[139.6 165.3],248.9,[228.  278.4],mm,a_axis,bootstrapping,ellipse,sense3-3-20.jpg
sense3-3-21_IG1_full_set_1_pred_grains_re_scaled,718,48.9,[47.1 51. ],76.7,[73.  81.6],143.3,[134.8 151.4],234.0,[211.3 273.3],mm,a_axis,bootstrapping,ellipse,sense3-3-21.jpg
sense3-3-22_IG1_full_set_1_pred_grains_re_scaled,525,50.8,[48.8 53.3],79.5,[74.9 84.5],137.8,[128.7 148.9],230.6,[201.3 243.6],mm,a_axis,bootstrapping,ellipse,sense3-3-22.jpg
sense3-3-23_IG1_full_set_1_pred_grains_re_scaled,327,57.3,[54.6 60.9],97.2,[ 90.4 103.3],174.0,[157.5 201.5],289.1,[252.4 347.5],mm,a_axis,bootstrapping,ellipse,sense3-3-23.jpg
sense3-3-24_IG1_full_set_1_pred_grains_re_scaled,1112,49.9,[48.6 51.9],77.1,[74.7 79.7],136.4,[129.9 149.1],247.3,[228.5 264.1],mm,a_axis,bootstrapping,ellipse,sense3-3-24.jpg
sense3-3-25_IG1_full_set_1_pred_grains_re_scaled,927,51.5,[48.9 53.8],86.7,[82.2 89.8],157.9,[149.2 168.5],249.5,[235.2 274.5],mm,a_axis,bootstrapping,ellipse,sense3-3-25.jpg
sense3-3-26_IG1_full_set_1_pred_grains_re_scaled,733,47.3,[46.1 48.7],70.8,[67.4 73.9],139.1,[125.9 152.5],265.2,[239.3 305. ],mm,a_axis,bootstrapping,ellipse,sense3-3-26.jpg
sense3-3-27_IG1_full_set_1_pred_grains_re_scaled,300,50.0,[47.8 52. ],70.2,[65.6 74.6],106.0,[100.4 116.1],164.7,[140.5 233.8],mm,a_axis,bootstrapping,ellipse,sense3-3-27.jpg
sense3-4-2_IG1_full_set_1_pred_grains_re_scaled,69,51.6,[44.6 58.8],81.9,[65.1 94.6],147.9,[123.8 179.9],213.0,[163.1 253.5],mm,a_axis,bootstrapping,ellipse,sense3-4-2.jpg
sense3-4-3_IG1_full_set_1_pred_grains_re_scaled,1631,50.1,[48.5 51.5],79.6,[77.5 81.8],139.6,[133.7 144.4],234.2,[211.4 251.1],mm,a_axis,bootstrapping,ellipse,sense3-4-3.jpg
sense3-4-4_IG1_full_set_1_pred_grains_re_scaled,1561,48.2,[47.4 49.8],70.6,[69.  72.6],118.8,[113.4 123.5],191.8,[178.5 207.7],mm,a_axis,bootstrapping,ellipse,sense3-4-4.jpg
sense3-4-5_IG1_full_set_1_pred_grains_re_scaled,352,45.4,[44.3 48.2],60.8,[58.5 63.2],85.2,[80.1 91.1],121.7,[107.  138.3],mm,a_axis,bootstrapping,ellipse,sense3-4-5.jpg
sense3-4-6_IG1_full_set_1_pred_grains_re_scaled,1734,46.4,[45.5 47.4],65.6,[63.9 67.4],101.5,[ 98.5 105.4],144.2,[137.7 151.1],mm,a_axis,bootstrapping,ellipse,sense3-4-6.jpg
sense3-4-7_IG1_full_set_1_pred_grains_re_scaled,2131,47.3,[46.3 47.9],69.0,[67.2 71. ],115.6,[110.9 119.6],173.0,[163.9 179.2],mm,a_axis,bootstrapping,ellipse,sense3-4-7.jpg
sense3-4-8_IG1_full_set_1_pred_grains_re_scaled,971,50.3,[48.7 52.4],78.3,[75.4 81.2],133.5,[127.3 142. ],207.5,[189.6 225.1],mm,a_axis,bootstrapping,ellipse,sense3-4-8.jpg
sense3-4-9_IG1_full_set_1_pred_grains_re_scaled,1212,49.9,[48.9 51.4],77.3,[75.2 80.2],126.9,[121.9 133.6],204.7,[186.9 224.5],mm,a_axis,bootstrapping,ellipse,sense3-4-9.jpg
sense3-4-10_IG1_full_set_1_pred_grains_re_scaled,1976,48.8,[48.  49.9],73.4,[71.5 75.9],122.8,[117.3 127.1],187.0,[175.  200.8],mm,a_axis,bootstrapping,ellipse,sense3-4-10.jpg
sense3-4-11_IG1_full_set_1_pred_grains_re_scaled,1710,48.6,[47.5 50.1],74.8,[71.5 76.7],124.1,[119.5 127.4],199.0,[183.6 213.2],mm,a_axis,bootstrapping,ellipse,sense3-4-11.jpg
sense3-4-12_IG1_full_set_1_pred_grains_re_scaled,1635,51.2,[50.2 52.6],76.6,[74.7 79.4],136.0,[129.8 141.3],207.5,[192.8 215.3],mm,a_axis,bootstrapping,ellipse,sense3-4-12.jpg
sense3-4-13_IG1_full_set_1_pred_grains_re_scaled,1908,50.5,[49.5 51.8],78.1,[75.7 80.2],131.8,[126.5 137.5],206.6,[197.3 217.7],mm,a_axis,bootstrapping,ellipse,sense3-4-13.jpg
sense3-4-14_IG1_full_set_1_pred_grains_re_scaled,1754,50.7,[49.2 51.9],81.1,[78.2 83.8],145.1,[139.5 150. ],222.3,[212.4 236.1],mm,a_axis,bootstrapping,ellipse,sense3-4-14.jpg
sense3-4-15_IG1_full_set_1_pred_grains_re_scaled,1670,53.1,[51.5 54.4],85.6,[83.1 87.8],148.0,[141.4 155.7],248.4,[232.4 256.6],mm,a_axis,bootstrapping,ellipse,sense3-4-15.jpg
sense3-4-16_IG1_full_set_1_pred_grains_re_scaled,1563,49.8,[48.6 51.1],74.4,[72.4 76.6],136.4,[130.1 142.4],229.6,[212.7 239.1],mm,a_axis,bootstrapping,ellipse,sense3-4-16.jpg
sense3-4-17_IG1_full_set_1_pred_grains_re_scaled,1171,51.1,[50.  52.7],79.5,[77.3 82.3],140.3,[133.8 146.9],223.4,[206.9 242.4],mm,a_axis,bootstrapping,ellipse,sense3-4-17.jpg
sense3-4-18_IG1_full_set_1_pred_grains_re_scaled,778,50.9,[48.7 52.5],82.8,[79.1 88.1],164.3,[150.4 176.6],293.0,[270.  314.9],mm,a_axis,bootstrapping,ellipse,sense3-4-18.jpg
sense3-4-19_IG1_full_set_1_pred_grains_re_scaled,676,50.6,[48.3 52.4],80.5,[76.6 84.5],149.0,[140.6 166. ],282.3,[240.3 313.1],mm,a_axis,bootstrapping,ellipse,sense3-4-19.jpg
sense3-4-20_IG1_full_set_1_pred_grains_re_scaled,701,51.1,[48.7 53.9],84.4,[79.3 88.6],170.8,[160.4 185.5],286.6,[261.8 317.8],mm,a_axis,bootstrapping,ellipse,sense3-4-20.jpg
sense3-4-21_IG1_full_set_1_pred_grains_re_scaled,656,52.8,[50.5 54.6],81.9,[77.9 86.6],174.3,[156.5 190.4],308.1,[274.2 330.1],mm,a_axis,bootstrapping,ellipse,sense3-4-21.jpg
sense3-4-22_IG1_full_set_1_pred_grains_re_scaled,412,53.2,[50.7 55.6],81.0,[76.8 87.4],149.8,[132.7 169.7],274.7,[226.1 343.5],mm,a_axis,bootstrapping,ellipse,sense3-4-22.jpg
sense3-4-23_IG1_full_set_1_pred_grains_re_scaled,768,54.0,[51.5 56. ],84.0,[80.1 88.6],156.8,[147.3 165.1],259.0,[232.9 284.8],mm,a_axis,bootstrapping,ellipse,sense3-4-23.jpg
sense3-4-24_IG1_full_set_1_pred_grains_re_scaled,582,52.4,[50.7 55.2],85.9,[82.1 90.2],151.1,[142.1 161.6],236.1,[222.4 288.6],mm,a_axis,bootstrapping,ellipse,sense3-4-24.jpg
sense3-4-25_IG1_full_set_1_pred_grains_re_scaled,1084,54.0,[52.2 56. ],89.9,[85.3 94. ],164.0,[155.4 174.3],287.5,[270.2 318. ],mm,a_axis,bootstrapping,ellipse,sense3-4-25.jpg
sense3-4-26_IG1_full_set_1_pred_grains_re_scaled,926,53.9,[52.4 56.2],87.8,[84.  93.5],163.6,[149.5 171.4],298.3,[266.4 315.3],mm,a_axis,bootstrapping,ellipse,sense3-4-26.jpg
sense3-4-27_IG1_full_set_1_pred_grains_re_scaled,329,50.1,[47.2 53.2],79.1,[74. 84.],144.9,[125.6 171.9],231.9,[204.  261.1],mm,a_axis,bootstrapping,ellipse,sense3-4-27.jpg
sense3-5-2_IG1_full_set_1_pred_grains_re_scaled,843,50.0,[48.7 51.9],74.7,[72.  77.9],117.4,[109.9 121.8],182.0,[174.8 191.8],mm,a_axis,bootstrapping,ellipse,sense3-5-2.jpg
sense3-5-3_IG1_full_set_1_pred_grains_re_scaled,1836,47.4,[46.7 48.3],71.7,[69.9 73.9],117.5,[113.6 122.5],177.7,[160.8 183.3],mm,a_axis,bootstrapping,ellipse,sense3-5-3.jpg
sense3-5-4_IG1_full_set_1_pred_grains_re_scaled,1679,46.8,[46.2 47.5],64.3,[62.8 66.3],97.6,[ 93.4 101.8],134.7,[130.  139.8],mm,a_axis,bootstrapping,ellipse,sense3-5-4.jpg
sense3-5-5_IG1_full_set_1_pred_grains_re_scaled,786,46.5,[45.1 47.5],65.2,[63.  67.9],117.2,[108.7 123.7],201.4,[187.7 219.1],mm,a_axis,bootstrapping,ellipse,sense3-5-5.jpg
sense3-5-6_IG1_full_set_1_pred_grains_re_scaled,1623,47.8,[46.9 48.9],67.9,[65.6 69.2],115.0,[108.2 121.1],188.4,[177.5 199. ],mm,a_axis,bootstrapping,ellipse,sense3-5-6.jpg
sense3-5-7_IG1_full_set_1_pred_grains_re_scaled,1909,50.6,[49.1 51.9],74.5,[72.6 76.7],123.9,[118.9 129.5],186.7,[179.4 196.8],mm,a_axis,bootstrapping,ellipse,sense3-5-7.jpg
sense3-5-8_IG1_full_set_1_pred_grains_re_scaled,767,52.8,[51.  54.2],79.1,[75.3 82.3],152.3,[143.  162.2],249.5,[223.8 274.4],mm,a_axis,bootstrapping,ellipse,sense3-5-8.jpg
sense3-5-9_IG1_full_set_1_pred_grains_re_scaled,650,55.4,[53.2 56.9],92.6,[87.2 98.4],164.6,[154.3 173. ],249.5,[226.5 272.8],mm,a_axis,bootstrapping,ellipse,sense3-5-9.jpg
sense3-5-10_IG1_full_set_1_pred_grains_re_scaled,693,53.0,[51.  54.9],80.6,[77.3 82.7],137.7,[125.1 147.9],210.0,[193.8 227.4],mm,a_axis,bootstrapping,ellipse,sense3-5-10.jpg
sense3-5-11_IG1_full_set_1_pred_grains_re_scaled,1857,51.2,[50.3 52.9],80.7,[78.9 82.6],134.7,[130.4 140.5],208.8,[201.4 223.1],mm,a_axis,bootstrapping,ellipse,sense3-5-11.jpg
sense3-5-12_IG1_full_set_1_pred_grains_re_scaled,1957,50.2,[48.9 51.5],74.8,[72.6 77.3],126.1,[121.4 131.2],200.0,[188.4 207.7],mm,a_axis,bootstrapping,ellipse,sense3-5-12.jpg
sense3-5-13_IG1_full_set_1_pred_grains_re_scaled,2183,50.1,[49.  51.1],75.3,[73.1 77.1],127.5,[122.6 132.2],196.8,[184.1 209.7],mm,a_axis,bootstrapping,ellipse,sense3-5-13.jpg
sense3-5-14_IG1_full_set_1_pred_grains_re_scaled,1740,50.8,[49.4 52. ],76.8,[74.9 79. ],136.3,[130.6 140.5],204.8,[196.2 214.9],mm,a_axis,bootstrapping,ellipse,sense3-5-14.jpg
sense3-5-15_IG1_full_set_1_pred_grains_re_scaled,1591,54.3,[52.5 56. ],85.7,[82.3 88.1],152.6,[146.2 161.7],254.0,[239.3 276.7],mm,a_axis,bootstrapping,ellipse,sense3-5-15.jpg
sense3-5-16_IG1_full_set_1_pred_grains_re_scaled,1678,51.9,[50.8 53.2],81.6,[79.6 84. ],146.9,[139.4 154. ],241.4,[226.1 259. ],mm,a_axis,bootstrapping,ellipse,sense3-5-16.jpg
sense3-5-17_IG1_full_set_1_pred_grains_re_scaled,1849,49.0,[48.1 50.2],72.9,[70.8 74.7],122.5,[117.4 128.8],199.9,[189.2 214.5],mm,a_axis,bootstrapping,ellipse,sense3-5-17.jpg
sense3-5-18_IG1_full_set_1_pred_grains_re_scaled,1500,47.8,[47.2 48.5],70.4,[68.  72.5],119.1,[113.8 124.6],197.0,[183.5 211.1],mm,a_axis,bootstrapping,ellipse,sense3-5-18.jpg
sense3-5-19_IG1_full_set_1_pred_grains_re_scaled,1348,47.7,[46.8 49.2],73.2,[70.5 75.6],129.9,[124.3 137.1],206.7,[192.6 220. ],mm,a_axis,bootstrapping,ellipse,sense3-5-19.jpg
sense3-5-20_IG1_full_set_1_pred_grains_re_scaled,1563,48.3,[47.4 49.6],73.9,[70.2 76.3],120.7,[117.1 126.3],187.1,[178.4 198.2],mm,a_axis,bootstrapping,ellipse,sense3-5-20.jpg
sense3-5-21_IG1_full_set_1_pred_grains_re_scaled,656,48.7,[47.6 51.4],78.8,[75.  82.9],140.8,[126.9 148.1],217.0,[198.1 249.6],mm,a_axis,bootstrapping,ellipse,sense3-5-21.jpg
sense3-5-22_IG1_full_set_1_pred_grains_re_scaled,1295,52.8,[51.3 54.2],80.8,[77.6 83.6],141.2,[134.  149.9],238.5,[218.9 257.1],mm,a_axis,bootstrapping,ellipse,sense3-5-22.jpg
sense3-5-23_IG1_full_set_1_pred_grains_re_scaled,1376,50.3,[48.5 51.2],78.1,[75.4 81.1],141.1,[133.3 150.8],258.9,[230.5 280.4],mm,a_axis,bootstrapping,ellipse,sense3-5-23.jpg
sense3-5-24_IG1_full_set_1_pred_grains_re_scaled,1530,51.3,[50.3 52.6],78.8,[76.6 81.7],143.9,[138.2 150.3],250.1,[228.7 265.7],mm,a_axis,bootstrapping,ellipse,sense3-5-24.jpg
sense3-5-25_IG1_full_set_1_pred_grains_re_scaled,1820,48.6,[47.7 50. ],74.7,[72.6 76.8],135.1,[129.  143.2],223.2,[211.8 241.5],mm,a_axis,bootstrapping,ellipse,sense3-5-25.jpg
sense3-5-26_IG1_full_set_1_pred_grains_re_scaled,1899,48.8,[48. 50.],72.9,[71.  75.1],122.7,[118.7 128.2],208.0,[193.8 223.9],mm,a_axis,bootstrapping,ellipse,sense3-5-26.jpg
sense3-5-27_IG1_full_set_1_pred_grains_re_scaled,1107,48.9,[47.7 50.5],71.4,[69.2 73.9],116.7,[110.7 121.3],186.3,[173.1 198.7],mm,a_axis,bootstrapping,ellipse,sense3-5-27.jpg
sense3-6-1_IG1_full_set_1_pred_grains_re_scaled,959,46.2,[45.2 47.5],67.9,[65.5 70.3],108.5,[102.5 112.5],146.8,[136.8 154.4],mm,a_axis,bootstrapping,ellipse,sense3-6-1.jpg
sense3-6-2_IG1_full_set_1_pred_grains_re_scaled,1696,49.4,[48.4 50.8],76.7,[74.4 79.1],133.8,[128.6 137.8],203.6,[193.1 226.2],mm,a_axis,bootstrapping,ellipse,sense3-6-2.jpg
sense3-6-3_IG1_full_set_1_pred_grains_re_scaled,1638,47.6,[46.7 48.5],69.6,[67.8 72.2],117.3,[111.7 121.5],184.7,[172.7 197.5],mm,a_axis,bootstrapping,ellipse,sense3-6-3.jpg
sense3-6-4_IG1_full_set_1_pred_grains_re_scaled,438,46.8,[44.8 48.1],63.2,[61.9 65.9],86.6,[82.2 90.4],117.8,[106.5 124.5],mm,a_axis,bootstrapping,ellipse,sense3-6-4.jpg
sense3-6-5_IG1_full_set_1_pred_grains_re_scaled,1646,46.8,[46.  47.7],66.6,[65.  68.2],101.6,[ 98.5 104.8],155.0,[145.5 162.9],mm,a_axis,bootstrapping,ellipse,sense3-6-5.jpg
sense3-6-6_IG1_full_set_1_pred_grains_re_scaled,2073,49.7,[48.9 50.6],75.3,[73.7 78.1],123.6,[118.8 128. ],179.2,[171.2 185.7],mm,a_axis,bootstrapping,ellipse,sense3-6-6.jpg
sense3-6-7_IG1_full_set_1_pred_grains_re_scaled,1323,53.8,[52.3 55.3],81.9,[79.6 84. ],144.1,[137.9 155.1],228.3,[216.9 241.9],mm,a_axis,bootstrapping,ellipse,sense3-6-7.jpg
sense3-6-8_IG1_full_set_1_pred_grains_re_scaled,1736,52.5,[51.5 54.1],86.0,[83.3 89.7],142.8,[138.7 149.4],227.0,[216.4 239. ],mm,a_axis,bootstrapping,ellipse,sense3-6-8.jpg
sense3-6-9_IG1_full_set_1_pred_grains_re_scaled,1650,52.5,[51.4 53.9],80.7,[78.3 83. ],132.4,[127.5 138.4],198.1,[191.6 211.7],mm,a_axis,bootstrapping,ellipse,sense3-6-9.jpg
sense3-6-10_IG1_full_set_1_pred_grains_re_scaled,1912,52.3,[51.3 53.2],81.5,[78.5 83.6],138.3,[133.3 143.9],209.7,[197.2 226.4],mm,a_axis,bootstrapping,ellipse,sense3-6-10.jpg
sense3-6-11_IG1_full_set_1_pred_grains_re_scaled,1960,51.9,[50.9 53.1],79.1,[77.2 81.4],134.6,[128.8 138.6],209.3,[199.9 221.1],mm,a_axis,bootstrapping,ellipse,sense3-6-11.jpg
sense3-6-12_IG1_full_set_1_pred_grains_re_scaled,1774,51.1,[49.8 52.2],79.6,[76.9 81.4],136.9,[131.2 141. ],213.0,[200.6 226.4],mm,a_axis,bootstrapping,ellipse,sense3-6-12.jpg
sense3-6-13_IG1_full_set_1_pred_grains_re_scaled,1538,49.7,[48.5 50.8],74.9,[72.9 77.7],130.5,[124.3 138.4],207.1,[191.9 220.6],mm,a_axis,bootstrapping,ellipse,sense3-6-13.jpg
sense3-6-14_IG1_full_set_1_pred_grains_re_scaled,1762,48.9,[47.9 50.4],73.7,[72.3 75.8],131.6,[126.3 136. ],203.5,[196.6 215.4],mm,a_axis,bootstrapping,ellipse,sense3-6-14.jpg
sense3-6-15_IG1_full_set_1_pred_grains_re_scaled,1552,52.2,[50.5 53.4],81.6,[78.4 83.8],146.0,[138.6 155.6],244.8,[227. 262.],mm,a_axis,bootstrapping,ellipse,sense3-6-15.jpg
sense3-6-16_IG1_full_set_1_pred_grains_re_scaled,1511,53.8,[52.7 55. ],82.8,[80.1 85.3],145.1,[137.3 152. ],219.9,[214.8 240.4],mm,a_axis,bootstrapping,ellipse,sense3-6-16.jpg
sense3-6-17_IG1_full_set_1_pred_grains_re_scaled,1755,51.7,[50.6 53.1],80.7,[78.4 82.8],140.2,[133.6 148.9],228.1,[209.  249.5],mm,a_axis,bootstrapping,ellipse,sense3-6-17.jpg
sense3-6-18_IG1_full_set_1_pred_grains_re_scaled,1723,48.9,[47.8 49.9],71.6,[69.6 73.6],116.3,[111.5 120.8],189.1,[177.2 200.4],mm,a_axis,bootstrapping,ellipse,sense3-6-18.jpg
sense3-6-19_IG1_full_set_1_pred_grains_re_scaled,1943,48.5,[47.8 49.6],71.9,[69.5 73.8],121.7,[116.6 126.4],203.3,[188.8 213.7],mm,a_axis,bootstrapping,ellipse,sense3-6-19.jpg
sense3-6-20_IG1_full_set_1_pred_grains_re_scaled,2024,49.9,[48.9 50.8],73.9,[72.1 75.3],129.9,[124.2 136.4],211.8,[196.1 226.9],mm,a_axis,bootstrapping,ellipse,sense3-6-20.jpg
sense3-6-21_IG1_full_set_1_pred_grains_re_scaled,1864,49.0,[47.9 49.8],74.1,[72.5 76.1],132.0,[127.5 140.4],229.2,[210.1 247.2],mm,a_axis,bootstrapping,ellipse,sense3-6-21.jpg
sense3-6-22_IG1_full_set_1_pred_grains_re_scaled,1921,50.1,[48.9 51.1],75.7,[73.8 77.3],131.7,[126.8 139.6],234.7,[222.2 248.6],mm,a_axis,bootstrapping,ellipse,sense3-6-22.jpg
sense3-6-23_IG1_full_set_1_pred_grains_re_scaled,2139,47.1,[46.1 47.8],67.3,[65.5 68.7],105.6,[102.8 109.5],170.3,[159.9 182.8],mm,a_axis,bootstrapping,ellipse,sense3-6-23.jpg
sense3-6-24_IG1_full_set_1_pred_grains_re_scaled,1972,47.7,[46.7 48.8],68.3,[67.1 70.1],113.4,[109.8 117.1],179.1,[166.3 191.2],mm,a_axis,bootstrapping,ellipse,sense3-6-24.jpg
sense3-6-25_IG1_full_set_1_pred_grains_re_scaled,1819,47.9,[46.8 48.7],70.5,[68.8 72.4],121.9,[116.5 126.3],203.4,[189.4 217.8],mm,a_axis,bootstrapping,ellipse,sense3-6-25.jpg
sense3-6-26_IG1_full_set_1_pred_grains_re_scaled,1805,49.0,[48.  50.6],75.1,[72.3 76.9],134.0,[128.3 139.6],216.6,[201.7 231.5],mm,a_axis,bootstrapping,ellipse,sense3-6-26.jpg
sense3-6-27_IG1_full_set_1_pred_grains_re_scaled,936,51.5,[49.9 52.6],78.3,[75.3 81.3],141.4,[132.5 150.3],228.3,[203.3 253.6],mm,a_axis,bootstrapping,ellipse,sense3-6-27.jpg
sense3-7-0_IG1_full_set_1_pred_grains_re_scaled,508,47.1,[45.4 49.1],69.6,[65.9 72.3],114.2,[107.  124.7],187.0,[166.4 204.5],mm,a_axis,bootstrapping,ellipse,sense3-7-0.jpg
sense3-7-1_IG1_full_set_1_pred_grains_re_scaled,1159,49.3,[48.3 50.8],74.8,[72.1 78. ],142.2,[132.8 149.3],217.6,[200.2 234.3],mm,a_axis,bootstrapping,ellipse,sense3-7-1.jpg
sense3-7-2_IG1_full_set_1_pred_grains_re_scaled,1367,49.2,[47.7 50.1],72.6,[70.7 75.1],128.8,[120.8 134.5],223.4,[199. 241.],mm,a_axis,bootstrapping,ellipse,sense3-7-2.jpg
sense3-7-3_IG1_full_set_1_pred_grains_re_scaled,936,47.8,[46.4 49.1],71.2,[67.8 73.7],126.4,[117.3 133.9],221.2,[195.4 234.9],mm,a_axis,bootstrapping,ellipse,sense3-7-3.jpg
sense3-7-4_IG1_full_set_1_pred_grains_re_scaled,1653,48.1,[47.4 48.8],67.4,[65.9 68.7],105.5,[101.9 109.5],164.5,[151.2 171.3],mm,a_axis,bootstrapping,ellipse,sense3-7-4.jpg
sense3-7-5_IG1_full_set_1_pred_grains_re_scaled,1650,46.2,[45.5 46.9],64.8,[62.9 66.8],103.8,[ 99.5 106.5],154.4,[143.7 168.6],mm,a_axis,bootstrapping,ellipse,sense3-7-5.jpg
sense3-7-6_IG1_full_set_1_pred_grains_re_scaled,1961,47.4,[46.6 48.6],70.5,[68.5 72.1],115.7,[111.8 118.9],167.0,[158.1 172.7],mm,a_axis,bootstrapping,ellipse,sense3-7-6.jpg
sense3-7-7_IG1_full_set_1_pred_grains_re_scaled,1248,51.4,[50.4 53. ],74.8,[72.2 76.9],125.5,[118.4 134.1],181.8,[173.8 191.6],mm,a_axis,bootstrapping,ellipse,sense3-7-7.jpg
sense3-7-8_IG1_full_set_1_pred_grains_re_scaled,1981,50.5,[49.5 51.3],75.7,[74.4 77.5],130.7,[126.3 135.3],200.7,[188.3 208.8],mm,a_axis,bootstrapping,ellipse,sense3-7-8.jpg
sense3-7-9_IG1_full_set_1_pred_grains_re_scaled,1329,48.6,[47.9 50.5],70.3,[68.4 73. ],115.8,[112.4 118.9],167.3,[157.3 178.8],mm,a_axis,bootstrapping,ellipse,sense3-7-9.jpg
sense3-7-10_IG1_full_set_1_pred_grains_re_scaled,353,54.3,[51.  56.5],93.1,[86.5 98.1],167.5,[149.7 189.1],280.9,[244.5 336. ],mm,a_axis,bootstrapping,ellipse,sense3-7-10.jpg
sense3-7-11_IG1_full_set_1_pred_grains_re_scaled,625,49.7,[47.7 52.1],76.7,[74.8 81.8],159.3,[144.4 172.8],274.6,[247.4 305.9],mm,a_axis,bootstrapping,ellipse,sense3-7-11.jpg
sense3-7-12_IG1_full_set_1_pred_grains_re_scaled,1475,48.4,[47.4 49.3],70.9,[69.  73.4],123.2,[118.2 129.1],193.0,[181.1 206.1],mm,a_axis,bootstrapping,ellipse,sense3-7-12.jpg
sense3-7-13_IG1_full_set_1_pred_grains_re_scaled,1445,49.7,[48.3 50.6],72.3,[70.2 74.2],118.5,[113.5 124.3],189.1,[170.9 197.3],mm,a_axis,bootstrapping,ellipse,sense3-7-13.jpg
sense3-7-14_IG1_full_set_1_pred_grains_re_scaled,523,51.6,[48.4 54.2],74.6,[72.2 78.9],138.8,[126.2 148.1],207.4,[198.8 220.2],mm,a_axis,bootstrapping,ellipse,sense3-7-14.jpg
sense3-7-15_IG1_full_set_1_pred_grains_re_scaled,1458,51.7,[50.3 53.4],81.0,[78.8 84.6],147.0,[139.1 153.5],227.4,[213.7 239. ],mm,a_axis,bootstrapping,ellipse,sense3-7-15.jpg
sense3-7-16_IG1_full_set_1_pred_grains_re_scaled,490,57.0,[55.3 60.4],85.7,[81.8 91.7],160.5,[144.6 170.3],232.7,[218.3 279.9],mm,a_axis,bootstrapping,ellipse,sense3-7-16.jpg
sense3-7-17_IG1_full_set_1_pred_grains_re_scaled,1515,53.0,[51.7 55. ],84.4,[81.7 86.7],147.8,[138.5 152.7],228.9,[207.6 242.6],mm,a_axis,bootstrapping,ellipse,sense3-7-17.jpg
sense3-7-18_IG1_full_set_1_pred_grains_re_scaled,1373,54.0,[52.7 55.8],85.6,[83.3 88.1],157.9,[151.  167.7],272.1,[248.4 288.2],mm,a_axis,bootstrapping,ellipse,sense3-7-18.jpg
sense3-7-19_IG1_full_set_1_pred_grains_re_scaled,1545,52.7,[51.5 54.1],85.3,[82.2 88.3],164.6,[153.1 174.4],267.0,[251.7 289. ],mm,a_axis,bootstrapping,ellipse,sense3-7-19.jpg
sense3-7-20_IG1_full_set_1_pred_grains_re_scaled,1639,52.1,[50.6 54.3],82.5,[80.4 85. ],146.7,[140.  155.5],259.7,[236.6 287.2],mm,a_axis,bootstrapping,ellipse,sense3-7-20.jpg
sense3-7-21_IG1_full_set_1_pred_grains_re_scaled,1683,51.4,[50.  52.7],79.1,[77.  81.4],144.1,[135.6 152.3],245.9,[231.  261.6],mm,a_axis,bootstrapping,ellipse,sense3-7-21.jpg
sense3-7-22_IG1_full_set_1_pred_grains_re_scaled,1750,51.5,[50.4 52.4],78.8,[76.9 80.7],143.2,[135.  148.4],253.6,[225.1 267.1],mm,a_axis,bootstrapping,ellipse,sense3-7-22.jpg
sense3-7-23_IG1_full_set_1_pred_grains_re_scaled,1625,50.9,[50.  51.8],77.9,[75.7 79.8],142.2,[136.2 148.6],245.6,[225.5 269.2],mm,a_axis,bootstrapping,ellipse,sense3-7-23.jpg
sense3-7-24_IG1_full_set_1_pred_grains_re_scaled,1499,52.4,[51.1 53.6],82.1,[79.3 85.2],150.3,[141.8 158.1],238.5,[220.8 259.6],mm,a_axis,bootstrapping,ellipse,sense3-7-24.jpg
sense3-7-25_IG1_full_set_1_pred_grains_re_scaled,1587,50.0,[48.7 51.2],75.4,[72.7 77.7],135.5,[129.9 144.6],232.8,[217.9 252.7],mm,a_axis,bootstrapping,ellipse,sense3-7-25.jpg
sense3-7-26_IG1_full_set_1_pred_grains_re_scaled,1532,50.0,[48.7 51.5],75.5,[73.5 77.6],130.9,[123.9 137.6],219.1,[206.2 245.5],mm,a_axis,bootstrapping,ellipse,sense3-7-26.jpg
sense3-7-27_IG1_full_set_1_pred_grains_re_scaled,662,49.9,[47.5 51.9],81.2,[77.4 85.5],137.4,[131.1 149.7],248.3,[213.8 277.9],mm,a_axis,bootstrapping,ellipse,sense3-7-27.jpg
sense3-8-0_IG1_full_set_1_pred_grains_re_scaled,1399,52.8,[51.6 54.3],84.1,[81.6 87.5],152.8,[144.3 165.1],258.8,[243.3 280.2],mm,a_axis,bootstrapping,ellipse,sense3-8-0.jpg
sense3-8-1_IG1_full_set_1_pred_grains_re_scaled,1268,49.0,[47.8 50.3],75.7,[73.1 78.6],134.0,[124.8 142.7],216.5,[195.7 245.1],mm,a_axis,bootstrapping,ellipse,sense3-8-1.jpg
sense3-8-2_IG1_full_set_1_pred_grains_re_scaled,1568,48.4,[47.6 49.9],73.5,[71.  75.5],123.9,[119.2 128.5],198.4,[183.9 212.1],mm,a_axis,bootstrapping,ellipse,sense3-8-2.jpg
sense3-8-3_IG1_full_set_1_pred_grains_re_scaled,1245,48.8,[47.4 49.9],68.6,[66.9 70.7],116.2,[109.9 121.7],184.6,[166.3 203.6],mm,a_axis,bootstrapping,ellipse,sense3-8-3.jpg
sense3-8-4_IG1_full_set_1_pred_grains_re_scaled,1370,46.0,[45.1 47. ],63.5,[62.5 65.5],98.4,[ 94.  102.4],157.4,[141.6 165.5],mm,a_axis,bootstrapping,ellipse,sense3-8-4.jpg
sense3-8-5_IG1_full_set_1_pred_grains_re_scaled,1794,48.3,[46.9 49.3],70.1,[68.4 72.1],116.0,[110.2 119.3],167.3,[162.  174.1],mm,a_axis,bootstrapping,ellipse,sense3-8-5.jpg
sense3-8-6_IG1_full_set_1_pred_grains_re_scaled,2073,47.3,[46.4 48.1],69.4,[67.4 71. ],109.1,[106.  113.3],153.2,[147.4 161.8],mm,a_axis,bootstrapping,ellipse,sense3-8-6.jpg
sense3-8-7_IG1_full_set_1_pred_grains_re_scaled,1794,48.9,[48.1 50.3],74.7,[73.  76.5],123.8,[120.2 129.5],187.0,[173.2 198.9],mm,a_axis,bootstrapping,ellipse,sense3-8-7.jpg
sense3-8-8_IG1_full_set_1_pred_grains_re_scaled,1383,49.9,[48.9 51.2],78.6,[75.8 81.2],134.9,[128.  144.1],228.0,[210.1 243.2],mm,a_axis,bootstrapping,ellipse,sense3-8-8.jpg
sense3-8-9_IG1_full_set_1_pred_grains_re_scaled,1440,51.4,[50.4 52.8],80.4,[78.2 83.8],149.4,[140.9 157.9],265.2,[237.7 281.8],mm,a_axis,bootstrapping,ellipse,sense3-8-9.jpg
sense3-8-10_IG1_full_set_1_pred_grains_re_scaled,1628,49.6,[48.5 50.7],79.9,[77.6 82.4],144.4,[138.1 151.4],235.4,[219.7 252.9],mm,a_axis,bootstrapping,ellipse,sense3-8-10.jpg
sense3-8-11_IG1_full_set_1_pred_grains_re_scaled,1348,52.0,[50.5 54.1],82.5,[79.6 85.2],143.3,[134.8 149.6],229.4,[206.5 249.4],mm,a_axis,bootstrapping,ellipse,sense3-8-11.jpg
sense3-8-12_IG1_full_set_1_pred_grains_re_scaled,1106,51.4,[49.2 52.7],79.8,[77.4 82.9],144.9,[135.2 155.3],248.8,[222.7 273.2],mm,a_axis,bootstrapping,ellipse,sense3-8-12.jpg
sense3-8-13_IG1_full_set_1_pred_grains_re_scaled,1169,50.6,[49.2 52. ],78.0,[74. 80.],135.9,[129.4 146.7],224.1,[208.1 250.7],mm,a_axis,bootstrapping,ellipse,sense3-8-13.jpg
sense3-8-14_IG1_full_set_1_pred_grains_re_scaled,720,51.2,[48.8 53.2],74.8,[72.2 77.7],127.5,[118.1 136. ],188.5,[175.9 217. ],mm,a_axis,bootstrapping,ellipse,sense3-8-14.jpg
sense3-8-15_IG1_full_set_1_pred_grains_re_scaled,213,55.9,[52.  58.6],82.9,[75.6 86.2],140.6,[128.4 158.6],212.8,[180.6 238.6],mm,a_axis,bootstrapping,ellipse,sense3-8-15.jpg
sense3-8-16_IG1_full_set_1_pred_grains_re_scaled,345,56.6,[53.4 62.5],98.0,[ 87.7 107.3],179.9,[166.4 186.5],231.8,[214.6 265.7],mm,a_axis,bootstrapping,ellipse,sense3-8-16.jpg
sense3-8-17_IG1_full_set_1_pred_grains_re_scaled,159,52.4,[48.4 60.7],91.9,[ 82.5 100. ],174.8,[142.8 200.3],298.7,[225.9 355.1],mm,a_axis,bootstrapping,ellipse,sense3-8-17.jpg
sense3-8-18_IG1_full_set_1_pred_grains_re_scaled,1119,52.6,[51.3 54.2],83.8,[80.6 87.3],158.1,[149.3 170.1],285.5,[259.7 309.4],mm,a_axis,bootstrapping,ellipse,sense3-8-18.jpg
sense3-8-19_IG1_full_set_1_pred_grains_re_scaled,1195,52.2,[50.5 53.9],79.7,[77.3 83.4],140.6,[131.4 150.2],247.6,[224.1 277.3],mm,a_axis,bootstrapping,ellipse,sense3-8-19.jpg
sense3-8-20_IG1_full_set_1_pred_grains_re_scaled,702,51.0,[49.3 52.8],81.1,[77.9 85.1],142.6,[131.1 152.6],209.7,[199.6 235.1],mm,a_axis,bootstrapping,ellipse,sense3-8-20.jpg
sense3-8-21_IG1_full_set_1_pred_grains_re_scaled,1449,50.3,[48.9 51.2],74.5,[72.4 77.4],124.6,[120.2 129.8],196.0,[181.8 214.5],mm,a_axis,bootstrapping,ellipse,sense3-8-21.jpg
sense3-8-22_IG1_full_set_1_pred_grains_re_scaled,1801,47.1,[46.2 48.2],68.7,[66.7 70.2],112.6,[108.5 116.9],174.1,[163.7 184.3],mm,a_axis,bootstrapping,ellipse,sense3-8-22.jpg
sense3-8-23_IG1_full_set_1_pred_grains_re_scaled,863,47.1,[46.1 48.1],67.6,[64.2 69.8],106.7,[101.  111.2],165.8,[154.8 186.3],mm,a_axis,bootstrapping,ellipse,sense3-8-23.jpg
sense3-8-24_IG1_full_set_1_pred_grains_re_scaled,1249,50.0,[48.3 51.8],76.0,[73. 79.],139.5,[131.  145.3],231.7,[210.9 251.6],mm,a_axis,bootstrapping,ellipse,sense3-8-24.jpg
sense3-8-25_IG1_full_set_1_pred_grains_re_scaled,1269,49.6,[48.4 50.7],77.4,[75.1 79.6],134.0,[127.6 143.7],242.9,[224.2 260.4],mm,a_axis,bootstrapping,ellipse,sense3-8-25.jpg
sense3-8-26_IG1_full_set_1_pred_grains_re_scaled,797,47.5,[45.6 49. ],73.0,[69.8 77.3],134.6,[128.2 146.3],248.8,[222.8 275.8],mm,a_axis,bootstrapping,ellipse,sense3-8-26.jpg
sense3-8-27_IG1_full_set_1_pred_grains_re_scaled,60,48.3,[41.5 51.9],65.7,[55.  76.1],129.1,[106.2 166.1],192.3,[146.9 214.7],mm,a_axis,bootstrapping,ellipse,sense3-8-27.jpg
sense3-9-2_IG1_full_set_1_pred_grains_re_scaled,8,56.4,[48.8 71.4],71.2,[ 56.  111.9],107.3,[ 70.6 269.8],225.6,[ 73.1 269.8],mm,a_axis,bootstrapping,ellipse,sense3-9-2.jpg
sense3-9-3_IG1_full_set_1_pred_grains_re_scaled,426,48.1,[45.8 50.6],70.4,[67.  74.8],117.6,[107.4 125.9],156.5,[151.5 185.6],mm,a_axis,bootstrapping,ellipse,sense3-9-3.jpg
sense3-9-4_IG1_full_set_1_pred_grains_re_scaled,587,52.0,[50.  54.3],76.8,[73.7 80.4],131.4,[124.2 142.6],216.5,[194.9 247.3],mm,a_axis,bootstrapping,ellipse,sense3-9-4.jpg
sense3-9-5_IG1_full_set_1_pred_grains_re_scaled,1579,49.8,[48.9 50.8],72.1,[70.1 74.1],118.3,[113.6 122.3],170.4,[161.6 178.3],mm,a_axis,bootstrapping,ellipse,sense3-9-5.jpg
sense3-9-6_IG1_full_set_1_pred_grains_re_scaled,1725,49.4,[48.2 50.5],72.9,[70.8 74.5],119.6,[115.8 124.4],185.1,[178. 197.],mm,a_axis,bootstrapping,ellipse,sense3-9-6.jpg
sense3-9-7_IG1_full_set_1_pred_grains_re_scaled,802,51.3,[49.6 53. ],77.2,[73.9 81.3],142.4,[133.5 150.6],236.0,[211.1 268.6],mm,a_axis,bootstrapping,ellipse,sense3-9-7.jpg
sense3-9-8_IG1_full_set_1_pred_grains_re_scaled,1603,49.4,[48.8 50.8],76.7,[74.  78.8],136.3,[128.1 143.8],233.2,[222.1 256.6],mm,a_axis,bootstrapping,ellipse,sense3-9-8.jpg
sense3-9-9_IG1_full_set_1_pred_grains_re_scaled,1604,50.2,[48.9 51.8],73.9,[72.1 76.8],128.6,[121.9 133.7],209.3,[200.1 228.7],mm,a_axis,bootstrapping,ellipse,sense3-9-9.jpg
sense3-9-10_IG1_full_set_1_pred_grains_re_scaled,1138,52.4,[50.9 54.2],82.1,[79.3 85.5],143.9,[138.7 156. ],228.0,[212.2 247.6],mm,a_axis,bootstrapping,ellipse,sense3-9-10.jpg
sense3-9-11_IG1_full_set_1_pred_grains_re_scaled,1323,50.2,[48.9 51.5],78.6,[75.8 81.7],135.2,[128.  141.2],226.1,[215.2 252.2],mm,a_axis,bootstrapping,ellipse,sense3-9-11.jpg
sense3-9-12_IG1_full_set_1_pred_grains_re_scaled,641,46.0,[44.8 47.6],64.2,[61.9 67.4],103.3,[ 95.8 111.1],161.2,[141.1 177.3],mm,a_axis,bootstrapping,ellipse,sense3-9-12.jpg
sense3-9-13_IG1_full_set_1_pred_grains_re_scaled,683,47.8,[46.6 49.3],66.3,[64.1 68.5],117.2,[110.  124.2],190.5,[170.4 204.6],mm,a_axis,bootstrapping,ellipse,sense3-9-13.jpg
sense3-9-14_IG1_full_set_1_pred_grains_re_scaled,704,50.6,[49.2 52. ],73.1,[69.5 76. ],121.9,[113.8 130.8],187.5,[169.1 216.8],mm,a_axis,bootstrapping,ellipse,sense3-9-14.jpg
sense3-9-15_IG1_full_set_1_pred_grains_re_scaled,777,49.4,[48.1 50.8],73.6,[71.3 78.4],128.2,[121.9 137.7],203.2,[182.3 235.3],mm,a_axis,bootstrapping,ellipse,sense3-9-15.jpg
sense3-9-16_IG1_full_set_1_pred_grains_re_scaled,0,0.0,0.0,0.0,0.0,0.0,0.0,0.0,0.0,mm,a_axis,bootstrapping,ellipse,sense3-9-16.jpg
sense3-9-17_IG1_full_set_1_pred_grains_re_scaled,29,52.6,[50.4 70. ],94.0,[ 70.  132.3],179.5,[118.7 225.4],228.0,[173.5 231.7],mm,a_axis,bootstrapping,ellipse,sense3-9-17.jpg
sense3-9-18_IG1_full_set_1_pred_grains_re_scaled,1268,48.0,[46.7 49.3],73.0,[71.  75.2],127.4,[121.4 134.6],213.2,[194.1 227.5],mm,a_axis,bootstrapping,ellipse,sense3-9-18.jpg
sense3-9-19_IG1_full_set_1_pred_grains_re_scaled,1733,48.1,[47. 49.],68.8,[66.8 70.5],107.1,[104.3 112.8],166.8,[153.4 177.4],mm,a_axis,bootstrapping,ellipse,sense3-9-19.jpg
sense3-9-20_IG1_full_set_1_pred_grains_re_scaled,1317,49.7,[48.6 51.2],73.8,[71.2 76. ],127.9,[121.3 133.3],201.4,[186.8 217.3],mm,a_axis,bootstrapping,ellipse,sense3-9-20.jpg
sense3-9-21_IG1_full_set_1_pred_grains_re_scaled,693,48.8,[47.  50.4],69.0,[66.3 71.6],121.0,[112.  126.4],186.0,[165.5 221.1],mm,a_axis,bootstrapping,ellipse,sense3-9-21.jpg
sense3-9-22_IG1_full_set_1_pred_grains_re_scaled,324,47.4,[44.9 50.1],64.3,[60.3 66.5],97.3,[ 87.9 103.5],136.5,[119.4 146. ],mm,a_axis,bootstrapping,ellipse,sense3-9-22.jpg
sense3-9-23_IG1_full_set_1_pred_grains_re_scaled,692,49.7,[47.3 51.4],72.5,[69.6 76.5],117.6,[110.5 125.6],177.8,[155.8 187.9],mm,a_axis,bootstrapping,ellipse,sense3-9-23.jpg
sense3-9-24_IG1_full_set_1_pred_grains_re_scaled,1047,50.2,[49.1 51.9],76.9,[75.  79.8],129.3,[124.6 135.3],207.5,[190.  221.1],mm,a_axis,bootstrapping,ellipse,sense3-9-24.jpg
sense3-9-25_IG1_full_set_1_pred_grains_re_scaled,816,49.1,[47.8 50.6],74.0,[71.3 76.3],121.8,[117.4 131.8],206.5,[186.3 214.3],mm,a_axis,bootstrapping,ellipse,sense3-9-25.jpg
sense3-9-26_IG1_full_set_1_pred_grains_re_scaled,521,52.1,[49.4 54.5],80.5,[75.3 84.7],141.4,[131.2 152.7],236.6,[208.9 266.5],mm,a_axis,bootstrapping,ellipse,sense3-9-26.jpg
sense3-9-27_IG1_full_set_1_pred_grains_re_scaled,598,52.4,[50.1 53.8],75.2,[72.5 79. ],133.7,[125.5 145.5],228.5,[202.7 257.1],mm,a_axis,bootstrapping,ellipse,sense3-9-27.jpg
sense3-10-5_IG1_full_set_1_pred_grains_re_scaled,0,0.0,0.0,0.0,0.0,0.0,0.0,0.0,0.0,mm,a_axis,bootstrapping,ellipse,sense3-10-5.jpg
sense3-10-6_IG1_full_set_1_pred_grains_re_scaled,543,51.2,[49.5 54.5],80.2,[77.3 84.8],150.3,[136.5 156.6],235.7,[210.  265.6],mm,a_axis,bootstrapping,ellipse,sense3-10-6.jpg
sense3-10-7_IG1_full_set_1_pred_grains_re_scaled,1302,49.5,[48.  50.5],75.9,[73.7 78.4],138.4,[130.1 143.4],213.8,[198.7 227.5],mm,a_axis,bootstrapping,ellipse,sense3-10-7.jpg
sense3-10-8_IG1_full_set_1_pred_grains_re_scaled,1449,49.3,[48.2 50.4],73.1,[70.9 75. ],126.1,[120.9 131.8],210.0,[187.6 224.9],mm,a_axis,bootstrapping,ellipse,sense3-10-8.jpg
sense3-10-9_IG1_full_set_1_pred_grains_re_scaled,1648,51.2,[50.3 52.7],82.3,[79.6 84.3],146.0,[140.2 151.3],221.2,[207.2 231.4],mm,a_axis,bootstrapping,ellipse,sense3-10-9.jpg
sense3-10-10_IG1_full_set_1_pred_grains_re_scaled,2140,50.6,[49.4 51.6],79.5,[77.2 81.4],135.6,[130.2 141.6],204.2,[193.4 211.3],mm,a_axis,bootstrapping,ellipse,sense3-10-10.jpg
sense3-10-11_IG1_full_set_1_pred_grains_re_scaled,2099,48.2,[47.4 49.5],72.8,[71.  74.4],120.6,[116.4 125.8],179.2,[168.4 188.3],mm,a_axis,bootstrapping,ellipse,sense3-10-11.jpg
sense3-10-12_IG1_full_set_1_pred_grains_re_scaled,1616,48.6,[47.7 49.8],72.9,[70.5 75. ],124.3,[118.9 131.1],198.3,[187.4 210.7],mm,a_axis,bootstrapping,ellipse,sense3-10-12.jpg
sense3-10-13_IG1_full_set_1_pred_grains_re_scaled,1570,58.4,[56.9 61.2],102.4,[ 99.  105.1],168.4,[163.1 178.4],241.0,[228.9 255.7],mm,a_axis,bootstrapping,ellipse,sense3-10-13.jpg
sense3-10-14_IG1_full_set_1_pred_grains_re_scaled,1353,55.0,[53.4 57.1],95.6,[92.9 99.8],177.4,[169.9 185.1],298.8,[275.4 314.3],mm,a_axis,bootstrapping,ellipse,sense3-10-14.jpg
sense3-10-15_IG1_full_set_1_pred_grains_re_scaled,155,56.5,[53.2 67.7],87.6,[77.5 96.6],148.4,[137.5 175.3],211.7,[185.5 264.8],mm,a_axis,bootstrapping,ellipse,sense3-10-15.jpg
sense3-10-16_IG1_full_set_1_pred_grains_re_scaled,0,0.0,0.0,0.0,0.0,0.0,0.0,0.0,0.0,mm,a_axis,bootstrapping,ellipse,sense3-10-16.jpg
sense3-10-17_IG1_full_set_1_pred_grains_re_scaled,756,47.1,[45.7 49.1],68.7,[66.8 71.9],112.6,[106.6 121.2],181.8,[168.6 199.3],mm,a_axis,bootstrapping,ellipse,sense3-10-17.jpg
sense3-10-18_IG1_full_set_1_pred_grains_re_scaled,1589,47.5,[46.4 49. ],71.3,[69.8 73.9],123.4,[119.4 130.3],196.4,[184.3 210.4],mm,a_axis,bootstrapping,ellipse,sense3-10-18.jpg
sense3-10-19_IG1_full_set_1_pred_grains_re_scaled,1583,48.5,[47.4 49.7],73.3,[70.8 75.6],123.2,[116.6 129.6],194.5,[185.1 204.9],mm,a_axis,bootstrapping,ellipse,sense3-10-19.jpg
sense3-10-20_IG1_full_set_1_pred_grains_re_scaled,1714,46.7,[45.9 47.7],68.8,[66.9 70.9],113.5,[108.9 118.1],181.8,[170.9 194.7],mm,a_axis,bootstrapping,ellipse,sense3-10-20.jpg
sense3-10-21_IG1_full_set_1_pred_grains_re_scaled,1398,46.7,[45.8 47.6],66.2,[64.5 67.9],109.7,[106.5 114.9],180.2,[167.7 200.4],mm,a_axis,bootstrapping,ellipse,sense3-10-21.jpg
sense3-10-22_IG1_full_set_1_pred_grains_re_scaled,1436,49.9,[48.7 51.3],74.5,[71.7 76.7],128.5,[123.1 136. ],206.1,[194.9 215.7],mm,a_axis,bootstrapping,ellipse,sense3-10-22.jpg
sense3-10-23_IG1_full_set_1_pred_grains_re_scaled,1607,49.0,[48. 50.],72.5,[70.  74.6],125.2,[119.1 130.7],204.3,[191.5 215.3],mm,a_axis,bootstrapping,ellipse,sense3-10-23.jpg
sense3-10-24_IG1_full_set_1_pred_grains_re_scaled,1658,49.4,[48.6 50.5],72.8,[71.  74.6],126.9,[122.3 132.2],203.3,[193.6 209.5],mm,a_axis,bootstrapping,ellipse,sense3-10-24.jpg
sense3-10-25_IG1_full_set_1_pred_grains_re_scaled,1775,48.8,[47.9 50. ],72.2,[70.1 74.4],115.2,[110.3 119.3],167.6,[162.  182.5],mm,a_axis,bootstrapping,ellipse,sense3-10-25.jpg
sense3-10-26_IG1_full_set_1_pred_grains_re_scaled,1636,50.8,[49.9 52.1],74.4,[72.2 76.4],118.8,[114.9 123.5],179.8,[166.8 190.3],mm,a_axis,bootstrapping,ellipse,sense3-10-26.jpg
sense3-10-27_IG1_full_set_1_pred_grains_re_scaled,720,49.0,[47.7 50.6],70.8,[69.  73.2],116.9,[109.6 125.2],183.7,[163.5 205.7],mm,a_axis,bootstrapping,ellipse,sense3-10-27.jpg
sense3-11-8_IG1_full_set_1_pred_grains_re_scaled,235,52.9,[50.2 55.1],72.7,[70.7 78.3],122.1,[109.9 132.7],179.6,[153.  224.9],mm,a_axis,bootstrapping,ellipse,sense3-11-8.jpg
sense3-11-9_IG1_full_set_1_pred_grains_re_scaled,1320,49.2,[48.1 50.6],74.2,[72.  77.1],122.6,[117.8 129.4],201.9,[182.2 210.8],mm,a_axis,bootstrapping,ellipse,sense3-11-9.jpg
sense3-11-10_IG1_full_set_1_pred_grains_re_scaled,2224,48.0,[47.4 48.9],69.3,[68.  70.8],110.0,[106.4 113.5],159.9,[150.5 166. ],mm,a_axis,bootstrapping,ellipse,sense3-11-10.jpg
sense3-11-11_IG1_full_set_1_pred_grains_re_scaled,2026,48.2,[47.2 49. ],69.3,[67.4 71. ],110.1,[106.4 113.2],163.2,[154.  174.7],mm,a_axis,bootstrapping,ellipse,sense3-11-11.jpg
sense3-11-12_IG1_full_set_1_pred_grains_re_scaled,1606,47.6,[46.6 49. ],70.9,[69.2 73.5],112.8,[107.6 117.2],165.9,[160.7 173.4],mm,a_axis,bootstrapping,ellipse,sense3-11-12.jpg
sense3-11-13_IG1_full_set_1_pred_grains_re_scaled,984,52.0,[50.5 53.2],78.6,[76.8 81.9],130.2,[124.1 135.7],188.1,[176.3 204.8],mm,a_axis,bootstrapping,ellipse,sense3-11-13.jpg
sense3-11-14_IG1_full_set_1_pred_grains_re_scaled,41,46.9,[44.6 52. ],62.2,[54.2 82. ],106.3,[ 87.6 134.4],169.0,[111.1 278.8],mm,a_axis,bootstrapping,ellipse,sense3-11-14.jpg
sense3-11-15_IG1_full_set_1_pred_grains_re_scaled,0,0.0,0.0,0.0,0.0,0.0,0.0,0.0,0.0,mm,a_axis,bootstrapping,ellipse,sense3-11-15.jpg
sense3-11-16_IG1_full_set_1_pred_grains_re_scaled,857,47.6,[46.4 49.1],68.2,[66.2 70.5],109.7,[103.5 115.3],160.8,[154.7 178.3],mm,a_axis,bootstrapping,ellipse,sense3-11-16.jpg
sense3-11-17_IG1_full_set_1_pred_grains_re_scaled,1923,48.3,[47.4 49.4],71.8,[69.9 74.4],113.6,[110.  117.2],171.4,[164.  182.8],mm,a_axis,bootstrapping,ellipse,sense3-11-17.jpg
sense3-11-18_IG1_full_set_1_pred_grains_re_scaled,1850,48.0,[47.5 48.9],69.8,[68.1 71.6],110.4,[107.  114.6],168.5,[162.7 177.2],mm,a_axis,bootstrapping,ellipse,sense3-11-18.jpg
sense3-11-19_IG1_full_set_1_pred_grains_re_scaled,1898,48.7,[47.9 49.9],71.0,[69.1 72.3],110.3,[106.3 115. ],172.3,[159.  184.3],mm,a_axis,bootstrapping,ellipse,sense3-11-19.jpg
sense3-11-20_IG1_full_set_1_pred_grains_re_scaled,1512,47.8,[46.6 48.6],69.3,[67.3 71.1],111.8,[107.4 116.5],170.7,[156.5 185.8],mm,a_axis,bootstrapping,ellipse,sense3-11-20.jpg
sense3-11-21_IG1_full_set_1_pred_grains_re_scaled,1735,50.0,[48.6 51.3],74.1,[72.5 76. ],123.7,[119.8 128.9],177.8,[172.2 186. ],mm,a_axis,bootstrapping,ellipse,sense3-11-21.jpg
sense3-11-22_IG1_full_set_1_pred_grains_re_scaled,1831,49.1,[48.1 50.3],75.7,[73.2 77.3],132.3,[128.1 137.1],204.8,[191.8 211.3],mm,a_axis,bootstrapping,ellipse,sense3-11-22.jpg
sense3-11-23_IG1_full_set_1_pred_grains_re_scaled,1681,50.7,[49.3 52. ],77.5,[75.5 80.4],136.0,[128.9 142.3],218.9,[206.2 237.1],mm,a_axis,bootstrapping,ellipse,sense3-11-23.jpg
sense3-11-24_IG1_full_set_1_pred_grains_re_scaled,1596,48.9,[47.9 50. ],72.6,[70.7 74.4],129.9,[124.7 136.1],216.4,[200.9 228.6],mm,a_axis,bootstrapping,ellipse,sense3-11-24.jpg
sense3-11-25_IG1_full_set_1_pred_grains_re_scaled,1520,48.0,[46.7 49.5],69.3,[67.5 71.2],115.0,[108.  120.2],173.2,[164.5 179.7],mm,a_axis,bootstrapping,ellipse,sense3-11-25.jpg
sense3-11-26_IG1_full_set_1_pred_grains_re_scaled,1446,47.5,[46.4 48.7],70.4,[68.3 73. ],113.4,[109.1 118.6],165.7,[158. 182.],mm,a_axis,bootstrapping,ellipse,sense3-11-26.jpg
sense3-11-27_IG1_full_set_1_pred_grains_re_scaled,251,50.1,[46.8 54.3],70.8,[66.9 76. ],110.1,[101.  119.7],160.3,[143.9 189.9],mm,a_axis,bootstrapping,ellipse,sense3-11-27.jpg
sense3-12-10_IG1_full_set_1_pred_grains_re_scaled,40,50.5,[46.9 62.3],71.9,[67.  93.5],145.6,[111.6 240.1],246.8,[155.  335.6],mm,a_axis,bootstrapping,ellipse,sense3-12-10.jpg
sense3-12-11_IG1_full_set_1_pred_grains_re_scaled,174,51.9,[48.5 54.7],76.3,[72.1 81. ],123.5,[109.4 137.3],191.8,[166.1 213. ],mm,a_axis,bootstrapping,ellipse,sense3-12-11.jpg
sense3-12-12_IG1_full_set_1_pred_grains_re_scaled,0,0.0,0.0,0.0,0.0,0.0,0.0,0.0,0.0,mm,a_axis,bootstrapping,ellipse,sense3-12-12.jpg
sense3-12-15_IG1_full_set_1_pred_grains_re_scaled,53,43.4,[39.9 47.8],60.9,[52.  66.3],80.8,[70.8 97.5],102.8,[ 84.2 118.2],mm,a_axis,bootstrapping,ellipse,sense3-12-15.jpg
sense3-12-16_IG1_full_set_1_pred_grains_re_scaled,513,45.3,[43.5 46.9],68.9,[66.4 73.3],127.2,[120.2 137.6],198.0,[182.5 234.9],mm,a_axis,bootstrapping,ellipse,sense3-12-16.jpg
sense3-12-17_IG1_full_set_1_pred_grains_re_scaled,1061,49.8,[48.  51.3],76.0,[72.9 78.6],139.7,[131.6 147.7],219.7,[211.7 235.2],mm,a_axis,bootstrapping,ellipse,sense3-12-17.jpg
sense3-12-18_IG1_full_set_1_pred_grains_re_scaled,952,48.4,[47.  49.8],70.4,[67.8 73. ],122.5,[115.9 128.5],207.5,[184.4 225.7],mm,a_axis,bootstrapping,ellipse,sense3-12-18.jpg
sense3-12-19_IG1_full_set_1_pred_grains_re_scaled,882,47.8,[46.5 49.4],71.2,[68.6 74.7],120.2,[114.4 127.1],211.2,[175.7 228.2],mm,a_axis,bootstrapping,ellipse,sense3-12-19.jpg
sense3-12-20_IG1_full_set_1_pred_grains_re_scaled,1312,48.1,[47.  49.1],70.2,[68.2 71.9],113.9,[108.6 117.8],188.5,[175.7 204.9],mm,a_axis,bootstrapping,ellipse,sense3-12-20.jpg
sense3-12-21_IG1_full_set_1_pred_grains_re_scaled,992,47.8,[46.9 49.3],68.2,[66.1 70.5],104.9,[101.1 110.2],143.9,[135.6 156.1],mm,a_axis,bootstrapping,ellipse,sense3-12-21.jpg
sense3-12-22_IG1_full_set_1_pred_grains_re_scaled,1847,51.2,[50.2 52.1],79.6,[77.6 82.1],138.1,[132.6 141.9],202.6,[190.8 210.4],mm,a_axis,bootstrapping,ellipse,sense3-12-22.jpg
sense3-12-23_IG1_full_set_1_pred_grains_re_scaled,1553,47.6,[46.8 48.6],69.0,[67.6 70.9],112.8,[107.8 118.2],185.1,[172.3 191.6],mm,a_axis,bootstrapping,ellipse,sense3-12-23.jpg
sense3-12-24_IG1_full_set_1_pred_grains_re_scaled,1237,49.5,[48.3 51.4],72.7,[70.8 74.8],129.5,[119.8 136.1],199.0,[186.4 214.8],mm,a_axis,bootstrapping,ellipse,sense3-12-24.jpg
sense3-12-25_IG1_full_set_1_pred_grains_re_scaled,1740,49.4,[48.3 50.7],74.3,[72.9 76.9],126.8,[121.7 133.5],195.3,[187.9 206.6],mm,a_axis,bootstrapping,ellipse,sense3-12-25.jpg
sense3-12-26_IG1_full_set_1_pred_grains_re_scaled,905,48.7,[47.2 51.1],75.5,[72.6 77.8],134.9,[128.4 140.2],215.5,[191.5 237.5],mm,a_axis,bootstrapping,ellipse,sense3-12-26.jpg
sense3-12-27_IG1_full_set_1_pred_grains_re_scaled,0,0.0,0.0,0.0,0.0,0.0,0.0,0.0,0.0,mm,a_axis,bootstrapping,ellipse,sense3-12-27.jpg
sense3-13-15_IG1_full_set_1_pred_grains_re_scaled,406,46.2,[44.8 48.2],62.8,[60.7 65.7],105.3,[ 92.7 114.8],181.2,[165.4 216. ],mm,a_axis,bootstrapping,ellipse,sense3-13-15.jpg
sense3-13-16_IG1_full_set_1_pred_grains_re_scaled,685,50.1,[48.  52.8],77.1,[74.9 79.5],140.5,[129.6 157.6],278.7,[229.  316.5],mm,a_axis,bootstrapping,ellipse,sense3-13-16.jpg
sense3-13-17_IG1_full_set_1_pred_grains_re_scaled,642,48.7,[46.7 50.9],72.1,[68.2 77.1],130.4,[118.  140.5],240.4,[205.7 277.1],mm,a_axis,bootstrapping,ellipse,sense3-13-17.jpg
sense3-13-18_IG1_full_set_1_pred_grains_re_scaled,1322,47.2,[46.2 48.3],67.9,[66.  69.4],106.5,[100.9 111.8],167.1,[148.3 178.5],mm,a_axis,bootstrapping,ellipse,sense3-13-18.jpg
sense3-13-19_IG1_full_set_1_pred_grains_re_scaled,1553,46.8,[45.8 47.8],65.0,[63.2 66.3],96.8,[94.4 99.8],137.9,[130.3 147. ],mm,a_axis,bootstrapping,ellipse,sense3-13-19.jpg
sense3-13-20_IG1_full_set_1_pred_grains_re_scaled,1307,45.9,[45.1 47.1],63.1,[61.5 64.8],98.8,[ 93.9 101.7],142.2,[133.7 150.7],mm,a_axis,bootstrapping,ellipse,sense3-13-20.jpg
sense3-13-21_IG1_full_set_1_pred_grains_re_scaled,1049,48.4,[47.1 49.3],65.4,[63.5 67.4],99.5,[ 95.5 102.6],138.1,[130.1 145.8],mm,a_axis,bootstrapping,ellipse,sense3-13-21.jpg
sense3-13-22_IG1_full_set_1_pred_grains_re_scaled,860,46.8,[45.3 48.5],66.9,[64.7 69. ],101.1,[ 96.7 104.6],130.6,[124.8 140.4],mm,a_axis,bootstrapping,ellipse,sense3-13-22.jpg
sense3-13-23_IG1_full_set_1_pred_grains_re_scaled,694,51.0,[49.3 52.7],72.0,[68.9 75.2],117.8,[110.4 124.6],163.9,[150.1 182.9],mm,a_axis,bootstrapping,ellipse,sense3-13-23.jpg
sense3-13-24_IG1_full_set_1_pred_grains_re_scaled,339,50.0,[47.6 54. ],74.4,[69.4 78.8],115.7,[110.1 130.6],170.1,[154.7 188.4],mm,a_axis,bootstrapping,ellipse,sense3-13-24.jpg
sense3-13-25_IG1_full_set_1_pred_grains_re_scaled,17,53.9,[44.1 76.5],87.3,[ 61.5 106.6],107.1,[105.7 185.7],177.0,[106.7 247.1],mm,a_axis,bootstrapping,ellipse,sense3-13-25.jpg
sense3-14-15_IG1_full_set_1_pred_grains_re_scaled,0,0.0,0.0,0.0,0.0,0.0,0.0,0.0,0.0,mm,a_axis,bootstrapping,ellipse,sense3-14-15.jpg
sense3-14-16_IG1_full_set_1_pred_grains_re_scaled,4,46.3,[43.1 98. ],73.8,[ 43.1 156.3],128.0,[ 50.2 156.3],149.2,[ 50.2 156.3],mm,a_axis,bootstrapping,ellipse,sense3-14-16.jpg
sense3-14-17_IG1_full_set_1_pred_grains_re_scaled,191,48.2,[45.7 50.6],68.5,[63.3 74.9],122.4,[103.5 142.4],192.5,[157.3 223.8],mm,a_axis,bootstrapping,ellipse,sense3-14-17.jpg
sense3-14-18_IG1_full_set_1_pred_grains_re_scaled,250,46.4,[44.9 47.8],65.5,[62.8 68.2],110.8,[ 96.7 117.3],165.6,[146.7 180.2],mm,a_axis,bootstrapping,ellipse,sense3-14-18.jpg
sense3-14-19_IG1_full_set_1_pred_grains_re_scaled,100,50.2,[44.6 52.4],72.1,[67.3 86.5],134.3,[110.3 160.6],196.9,[174.5 205.3],mm,a_axis,bootstrapping,ellipse,sense3-14-19.jpg
sense3-14-20_IG1_full_set_1_pred_grains_re_scaled,0,0.0,0.0,0.0,0.0,0.0,0.0,0.0,0.0,mm,a_axis,bootstrapping,ellipse,sense3-14-20.jpg
