Image/Masks,number of grains,D16,CI D16 (95%),D50,CI D50 (95%),D84,CI D84 (95%),D96,CI D96 (95%),unit,axis,method,grain approximation,NAME
sense2_b1-0-4_IG1_full_set_1_pred_grains_re_scaled,0,0.0,0.0,0.0,0.0,0.0,0.0,0.0,0.0,mm,a_axis,bootstrapping,ellipse,sense2_b1-0-4.jpg
sense2_b1-0-5_IG1_full_set_1_pred_grains_re_scaled,426,47.7,[45.9 49.8],80.0,[74.8 85.3],167.9,[150.3 175.6],264.0,[239.7 371.2],mm,a_axis,bootstrapping,ellipse,sense2_b1-0-5.jpg
sense2_b1-0-6_IG1_full_set_1_pred_grains_re_scaled,2875,48.2,[47.4 49.2],76.0,[74.3 77.7],139.7,[135.1 146.2],242.7,[229.6 254.1],mm,a_axis,bootstrapping,ellipse,sense2_b1-0-6.jpg
sense2_b1-0-7_IG1_full_set_1_pred_grains_re_scaled,3614,49.7,[48.9 50.6],78.4,[76.5 79.8],146.8,[142.  150.6],240.5,[229.  254.4],mm,a_axis,bootstrapping,ellipse,sense2_b1-0-7.jpg
sense2_b1-0-8_IG1_full_set_1_pred_grains_re_scaled,3641,49.6,[48.7 50.3],79.0,[77.3 80.4],147.6,[143.2 153.6],263.2,[247.6 277.1],mm,a_axis,bootstrapping,ellipse,sense2_b1-0-8.jpg
sense2_b1-0-9_IG1_full_set_1_pred_grains_re_scaled,3051,48.8,[47.9 49.6],74.8,[73.2 76. ],133.3,[129.7 139.4],212.3,[203.  226.1],mm,a_axis,bootstrapping,ellipse,sense2_b1-0-9.jpg
sense2_b1-0-10_IG1_full_set_1_pred_grains_re_scaled,1530,51.4,[50.2 53.3],80.4,[77.6 82.2],136.0,[129.2 140. ],226.6,[208.  249.1],mm,a_axis,bootstrapping,ellipse,sense2_b1-0-10.jpg
sense2_b1-0-11_IG1_full_set_1_pred_grains_re_scaled,73,47.9,[40.4 62. ],76.7,[69.3 84.3],136.0,[105.9 160.1],189.1,[151.7 241.7],mm,a_axis,bootstrapping,ellipse,sense2_b1-0-11.jpg
sense2_b1-1-2_IG1_full_set_1_pred_grains_re_scaled,0,0.0,0.0,0.0,0.0,0.0,0.0,0.0,0.0,mm,a_axis,bootstrapping,ellipse,sense2_b1-1-2.jpg
sense2_b1-1-3_IG1_full_set_1_pred_grains_re_scaled,1073,51.3,[49.6 52.4],81.8,[78.9 84.7],151.9,[144.  160.1],232.1,[221.8 254.9],mm,a_axis,bootstrapping,ellipse,sense2_b1-1-3.jpg
sense2_b1-1-4_IG1_full_set_1_pred_grains_re_scaled,3029,49.8,[49.  50.8],78.8,[77.  80.5],143.2,[138.5 149.4],234.8,[223.3 251.4],mm,a_axis,bootstrapping,ellipse,sense2_b1-1-4.jpg
sense2_b1-1-5_IG1_full_set_1_pred_grains_re_scaled,4161,47.9,[47.3 48.7],74.5,[73.2 75.9],134.0,[130.  138.4],209.4,[198.7 221.2],mm,a_axis,bootstrapping,ellipse,sense2_b1-1-5.jpg
sense2_b1-1-6_IG1_full_set_1_pred_grains_re_scaled,4439,46.7,[46.2 47.2],71.4,[70.4 72.9],124.9,[120.9 127.4],186.7,[182.4 194.5],mm,a_axis,bootstrapping,ellipse,sense2_b1-1-6.jpg
sense2_b1-1-7_IG1_full_set_1_pred_grains_re_scaled,3546,49.3,[48.4 50.3],76.2,[74.7 77.9],134.8,[130.7 139.6],215.8,[208.  223.1],mm,a_axis,bootstrapping,ellipse,sense2_b1-1-7.jpg
sense2_b1-1-8_IG1_full_set_1_pred_grains_re_scaled,2336,52.3,[51.2 53.3],88.0,[85.4 91.4],168.6,[161.3 176.5],274.5,[260.3 288.6],mm,a_axis,bootstrapping,ellipse,sense2_b1-1-8.jpg
sense2_b1-1-9_IG1_full_set_1_pred_grains_re_scaled,1646,54.1,[52.2 56.1],92.8,[89.7 95.6],189.2,[178.1 198.7],320.6,[300.  346.5],mm,a_axis,bootstrapping,ellipse,sense2_b1-1-9.jpg
sense2_b1-1-10_IG1_full_set_1_pred_grains_re_scaled,2529,49.6,[48.6 50.6],74.1,[72.5 75.6],131.9,[126.5 138.2],220.7,[207. 238.],mm,a_axis,bootstrapping,ellipse,sense2_b1-1-10.jpg
sense2_b1-1-11_IG1_full_set_1_pred_grains_re_scaled,2837,50.3,[49.3 51.1],77.0,[75.3 78.6],135.5,[130.1 141.2],224.6,[210.8 236. ],mm,a_axis,bootstrapping,ellipse,sense2_b1-1-11.jpg
sense2_b1-1-12_IG1_full_set_1_pred_grains_re_scaled,1405,51.0,[49.5 52.7],81.5,[79.3 84.7],153.1,[144.  163.1],253.7,[238.9 286.5],mm,a_axis,bootstrapping,ellipse,sense2_b1-1-12.jpg
sense2_b1-1-13_IG1_full_set_1_pred_grains_re_scaled,2687,52.4,[51.7 53.6],84.2,[82.4 85.9],151.1,[146.5 157.8],238.4,[228.4 249.1],mm,a_axis,bootstrapping,ellipse,sense2_b1-1-13.jpg
sense2_b1-1-14_IG1_full_set_1_pred_grains_re_scaled,1507,57.4,[55.8 59.1],93.1,[89.2 96.8],175.6,[169.2 184.2],281.8,[266.2 297.3],mm,a_axis,bootstrapping,ellipse,sense2_b1-1-14.jpg
sense2_b1-1-15_IG1_full_set_1_pred_grains_re_scaled,2146,53.2,[51.5 54.5],86.6,[83.6 89. ],158.2,[150.7 165.3],249.6,[236.7 259.1],mm,a_axis,bootstrapping,ellipse,sense2_b1-1-15.jpg
sense2_b1-1-16_IG1_full_set_1_pred_grains_re_scaled,3,87.4,[ 76.5 121.7],112.8,[ 76.5 121.7],118.9,[ 76.5 121.7],121.0,[ 76.5 121.7],mm,a_axis,bootstrapping,ellipse,sense2_b1-1-16.jpg
sense2_b1-2-0_IG1_full_set_1_pred_grains_re_scaled,0,0.0,0.0,0.0,0.0,0.0,0.0,0.0,0.0,mm,a_axis,bootstrapping,ellipse,sense2_b1-2-0.jpg
sense2_b1-2-1_IG1_full_set_1_pred_grains_re_scaled,1022,54.8,[52.8 56.2],87.5,[84. 91.],164.0,[151.2 171.4],283.8,[245.2 311.1],mm,a_axis,bootstrapping,ellipse,sense2_b1-2-1.jpg
sense2_b1-2-2_IG1_full_set_1_pred_grains_re_scaled,3831,47.7,[46.9 48.3],73.1,[71.4 74.9],125.6,[121.5 129.8],202.1,[194.4 209.2],mm,a_axis,bootstrapping,ellipse,sense2_b1-2-2.jpg
sense2_b1-2-3_IG1_full_set_1_pred_grains_re_scaled,4100,46.7,[46.2 47.2],69.8,[68.7 70.8],118.3,[115.5 122.1],190.5,[181.1 200.8],mm,a_axis,bootstrapping,ellipse,sense2_b1-2-3.jpg
sense2_b1-2-4_IG1_full_set_1_pred_grains_re_scaled,4263,46.2,[45.7 46.8],68.6,[67.5 70. ],118.7,[116.2 121.7],188.7,[181.6 198.5],mm,a_axis,bootstrapping,ellipse,sense2_b1-2-4.jpg
sense2_b1-2-5_IG1_full_set_1_pred_grains_re_scaled,3515,47.1,[46.3 47.8],69.5,[68.1 70.8],122.7,[119.1 127. ],196.8,[185.9 205.2],mm,a_axis,bootstrapping,ellipse,sense2_b1-2-5.jpg
sense2_b1-2-6_IG1_full_set_1_pred_grains_re_scaled,3449,47.3,[46.8 48.4],71.7,[70.2 73.1],126.5,[123.5 131.8],216.4,[205.7 227.7],mm,a_axis,bootstrapping,ellipse,sense2_b1-2-6.jpg
sense2_b1-2-7_IG1_full_set_1_pred_grains_re_scaled,3669,47.6,[46.9 48.5],73.5,[72.2 75.5],131.4,[127.1 136.7],221.7,[207.7 234.9],mm,a_axis,bootstrapping,ellipse,sense2_b1-2-7.jpg
sense2_b1-2-8_IG1_full_set_1_pred_grains_re_scaled,4052,48.2,[47.4 49. ],73.9,[72.5 75.4],129.1,[125.7 132.8],216.6,[205.9 224.1],mm,a_axis,bootstrapping,ellipse,sense2_b1-2-8.jpg
sense2_b1-2-9_IG1_full_set_1_pred_grains_re_scaled,3475,48.8,[47.9 49.7],75.6,[74.2 77.1],140.6,[134.6 145.2],230.8,[221.6 239.3],mm,a_axis,bootstrapping,ellipse,sense2_b1-2-9.jpg
sense2_b1-2-10_IG1_full_set_1_pred_grains_re_scaled,2090,51.1,[49.7 52.2],82.1,[79.7 84.2],152.8,[146.8 159.8],251.5,[239.2 266. ],mm,a_axis,bootstrapping,ellipse,sense2_b1-2-10.jpg
sense2_b1-2-11_IG1_full_set_1_pred_grains_re_scaled,1610,50.6,[49.5 52.1],81.8,[78.8 85. ],156.1,[148.1 163.3],284.0,[263.6 300.6],mm,a_axis,bootstrapping,ellipse,sense2_b1-2-11.jpg
sense2_b1-2-12_IG1_full_set_1_pred_grains_re_scaled,1655,49.5,[48.5 50.6],77.5,[74.4 79.7],144.4,[136.9 151.6],257.2,[235.4 277.9],mm,a_axis,bootstrapping,ellipse,sense2_b1-2-12.jpg
sense2_b1-2-13_IG1_full_set_1_pred_grains_re_scaled,1573,54.6,[52.6 56.2],87.9,[86.  91.3],165.9,[157.9 174.2],280.5,[258.4 298.1],mm,a_axis,bootstrapping,ellipse,sense2_b1-2-13.jpg
sense2_b1-2-14_IG1_full_set_1_pred_grains_re_scaled,2410,51.9,[50.7 53.7],84.9,[82.6 87.1],159.5,[151.4 166.3],272.7,[250.1 287. ],mm,a_axis,bootstrapping,ellipse,sense2_b1-2-14.jpg
sense2_b1-2-15_IG1_full_set_1_pred_grains_re_scaled,2414,55.1,[54.1 56.1],90.7,[88.5 93.8],174.3,[166.6 180.1],291.6,[278.3 301.3],mm,a_axis,bootstrapping,ellipse,sense2_b1-2-15.jpg
sense2_b1-2-16_IG1_full_set_1_pred_grains_re_scaled,2315,51.6,[50.6 52.8],85.7,[83.1 88. ],161.2,[156.2 168.6],281.5,[262.3 300.5],mm,a_axis,bootstrapping,ellipse,sense2_b1-2-16.jpg
sense2_b1-2-17_IG1_full_set_1_pred_grains_re_scaled,0,0.0,0.0,0.0,0.0,0.0,0.0,0.0,0.0,mm,a_axis,bootstrapping,ellipse,sense2_b1-2-17.jpg
sense2_b1-3-0_IG1_full_set_1_pred_grains_re_scaled,1279,56.9,[55.1 60. ],94.7,[91.4 97.9],171.2,[163.9 182.7],291.3,[273.8 340.1],mm,a_axis,bootstrapping,ellipse,sense2_b1-3-0.jpg
sense2_b1-3-1_IG1_full_set_1_pred_grains_re_scaled,3429,50.6,[49.8 51.4],81.5,[79.8 83.1],148.7,[144.1 153.2],253.6,[244.8 264.6],mm,a_axis,bootstrapping,ellipse,sense2_b1-3-1.jpg
sense2_b1-3-2_IG1_full_set_1_pred_grains_re_scaled,2761,50.7,[49.5 51.6],81.5,[79.2 83.9],151.6,[144.9 157. ],284.2,[268.8 311.6],mm,a_axis,bootstrapping,ellipse,sense2_b1-3-2.jpg
sense2_b1-3-3_IG1_full_set_1_pred_grains_re_scaled,3449,48.6,[47.9 49.2],77.3,[75.7 78.8],137.3,[131.6 142.2],238.0,[228.2 248.2],mm,a_axis,bootstrapping,ellipse,sense2_b1-3-3.jpg
sense2_b1-3-4_IG1_full_set_1_pred_grains_re_scaled,2312,48.1,[47.3 49.1],77.8,[75.  80.2],166.0,[154.5 176. ],303.4,[285.6 319.1],mm,a_axis,bootstrapping,ellipse,sense2_b1-3-4.jpg
sense2_b1-3-5_IG1_full_set_1_pred_grains_re_scaled,2220,50.8,[49.8 51.9],82.2,[79.3 84.3],161.0,[154.5 170.2],309.4,[281.7 340.7],mm,a_axis,bootstrapping,ellipse,sense2_b1-3-5.jpg
sense2_b1-3-6_IG1_full_set_1_pred_grains_re_scaled,2909,49.1,[48.1 50. ],77.9,[76.1 80. ],143.8,[138.5 149. ],254.5,[232.6 263.6],mm,a_axis,bootstrapping,ellipse,sense2_b1-3-6.jpg
sense2_b1-3-7_IG1_full_set_1_pred_grains_re_scaled,2156,49.8,[48.4 50.7],81.9,[78.4 84.1],156.0,[147.1 162. ],286.1,[268.1 306. ],mm,a_axis,bootstrapping,ellipse,sense2_b1-3-7.jpg
sense2_b1-3-8_IG1_full_set_1_pred_grains_re_scaled,2146,50.2,[48.9 51.1],83.1,[80.7 86.2],161.0,[153.7 168.8],278.6,[260.6 295.8],mm,a_axis,bootstrapping,ellipse,sense2_b1-3-8.jpg
sense2_b1-3-9_IG1_full_set_1_pred_grains_re_scaled,2147,52.2,[50.8 53.6],86.1,[84.  88.9],167.9,[161.  173.2],278.1,[258.2 302.6],mm,a_axis,bootstrapping,ellipse,sense2_b1-3-9.jpg
sense2_b1-3-10_IG1_full_set_1_pred_grains_re_scaled,2490,51.7,[50.6 52.7],82.4,[80.1 84.7],158.8,[152.9 167.9],267.7,[254.5 283.1],mm,a_axis,bootstrapping,ellipse,sense2_b1-3-10.jpg
sense2_b1-3-11_IG1_full_set_1_pred_grains_re_scaled,2217,51.4,[50.2 52.6],82.2,[80.2 84.5],158.8,[152.1 165.1],267.7,[253.4 287.5],mm,a_axis,bootstrapping,ellipse,sense2_b1-3-11.jpg
sense2_b1-3-12_IG1_full_set_1_pred_grains_re_scaled,2397,49.8,[49.  51.1],80.3,[78.5 81.8],150.8,[142.  157.2],264.6,[242.9 280.6],mm,a_axis,bootstrapping,ellipse,sense2_b1-3-12.jpg
sense2_b1-3-13_IG1_full_set_1_pred_grains_re_scaled,2506,50.8,[49.9 52. ],83.8,[81.8 85.9],158.6,[153.  166.4],268.9,[257.  291.2],mm,a_axis,bootstrapping,ellipse,sense2_b1-3-13.jpg
sense2_b1-3-14_IG1_full_set_1_pred_grains_re_scaled,1436,54.1,[52.6 55.9],94.7,[91.9 97.8],182.5,[171.  192.6],333.3,[310.  370.4],mm,a_axis,bootstrapping,ellipse,sense2_b1-3-14.jpg
sense2_b1-3-15_IG1_full_set_1_pred_grains_re_scaled,2571,52.7,[51.6 54. ],85.0,[82.6 87.8],161.8,[154.6 169.1],263.9,[251.5 281.9],mm,a_axis,bootstrapping,ellipse,sense2_b1-3-15.jpg
sense2_b1-3-16_IG1_full_set_1_pred_grains_re_scaled,2442,55.3,[53.8 56.8],94.8,[92.2 97.3],178.7,[173.5 186.1],292.9,[283.3 305.6],mm,a_axis,bootstrapping,ellipse,sense2_b1-3-16.jpg
sense2_b1-3-17_IG1_full_set_1_pred_grains_re_scaled,1071,56.5,[54.7 59. ],90.6,[87.6 94.4],177.1,[165.6 186.7],308.8,[275.7 328.6],mm,a_axis,bootstrapping,ellipse,sense2_b1-3-17.jpg
sense2_b1-4-1_IG1_full_set_1_pred_grains_re_scaled,175,57.0,[52.1 60.3],82.6,[75.6 92.2],157.9,[136.5 179.4],299.1,[209.7 344.4],mm,a_axis,bootstrapping,ellipse,sense2_b1-4-1.jpg
sense2_b1-4-2_IG1_full_set_1_pred_grains_re_scaled,1501,51.4,[50.3 52.8],83.6,[80.9 86.9],161.9,[152.4 172.7],293.7,[270.6 315.4],mm,a_axis,bootstrapping,ellipse,sense2_b1-4-2.jpg
sense2_b1-4-3_IG1_full_set_1_pred_grains_re_scaled,2453,51.2,[50.3 52.2],83.7,[81.1 86.5],161.4,[154.3 168.5],298.1,[276.5 326.1],mm,a_axis,bootstrapping,ellipse,sense2_b1-4-3.jpg
sense2_b1-4-4_IG1_full_set_1_pred_grains_re_scaled,2344,49.3,[48.4 50. ],77.5,[75.7 80.1],159.6,[152.1 166.3],286.4,[268.6 312.8],mm,a_axis,bootstrapping,ellipse,sense2_b1-4-4.jpg
sense2_b1-4-5_IG1_full_set_1_pred_grains_re_scaled,2239,49.6,[48.2 50.7],80.5,[78.2 82.6],149.9,[140.5 159. ],272.9,[256.1 297.4],mm,a_axis,bootstrapping,ellipse,sense2_b1-4-5.jpg
sense2_b1-4-6_IG1_full_set_1_pred_grains_re_scaled,2458,47.9,[47.1 48.8],73.0,[70.9 74.6],131.2,[127.2 136.3],244.8,[227.5 268.2],mm,a_axis,bootstrapping,ellipse,sense2_b1-4-6.jpg
sense2_b1-4-7_IG1_full_set_1_pred_grains_re_scaled,2193,47.4,[46.7 48.3],72.4,[70.4 74.4],137.6,[132.1 144.3],271.5,[255.7 290. ],mm,a_axis,bootstrapping,ellipse,sense2_b1-4-7.jpg
sense2_b1-4-8_IG1_full_set_1_pred_grains_re_scaled,2599,47.8,[46.9 48.6],72.8,[71.1 74.4],131.7,[124.4 136.5],241.8,[223.1 261.3],mm,a_axis,bootstrapping,ellipse,sense2_b1-4-8.jpg
sense2_b1-4-9_IG1_full_set_1_pred_grains_re_scaled,2733,50.2,[48.8 51.3],79.7,[77.7 82.2],152.7,[145.4 157.7],252.1,[241.5 263.9],mm,a_axis,bootstrapping,ellipse,sense2_b1-4-9.jpg
sense2_b1-4-10_IG1_full_set_1_pred_grains_re_scaled,2898,50.1,[49.1 51.2],78.1,[76.4 79.3],144.8,[138.5 149.5],249.3,[235.3 261.3],mm,a_axis,bootstrapping,ellipse,sense2_b1-4-10.jpg
sense2_b1-4-11_IG1_full_set_1_pred_grains_re_scaled,2994,50.6,[49.7 51.6],80.4,[78.5 82.5],144.9,[139.5 151.5],245.3,[236.6 260.7],mm,a_axis,bootstrapping,ellipse,sense2_b1-4-11.jpg
sense2_b1-4-12_IG1_full_set_1_pred_grains_re_scaled,2788,53.1,[52.2 54.3],86.7,[84.7 88.9],157.8,[151.9 162.8],260.2,[249.4 272.2],mm,a_axis,bootstrapping,ellipse,sense2_b1-4-12.jpg
sense2_b1-4-13_IG1_full_set_1_pred_grains_re_scaled,2015,55.7,[54.2 57.7],97.8,[ 94.8 100.5],201.0,[189.8 211.5],331.8,[319.8 354.7],mm,a_axis,bootstrapping,ellipse,sense2_b1-4-13.jpg
sense2_b1-4-14_IG1_full_set_1_pred_grains_re_scaled,2556,52.5,[51.4 53.8],86.2,[83.1 88.2],164.8,[155.8 172.6],270.2,[252.8 285.6],mm,a_axis,bootstrapping,ellipse,sense2_b1-4-14.jpg
sense2_b1-4-15_IG1_full_set_1_pred_grains_re_scaled,2378,51.1,[50.2 52.4],83.5,[81.3 86. ],160.4,[153.  168.6],284.3,[266.1 300.6],mm,a_axis,bootstrapping,ellipse,sense2_b1-4-15.jpg
sense2_b1-4-16_IG1_full_set_1_pred_grains_re_scaled,2496,52.1,[51.3 53.3],86.4,[84.1 89. ],171.5,[162. 178.],295.1,[277.8 316.6],mm,a_axis,bootstrapping,ellipse,sense2_b1-4-16.jpg
sense2_b1-4-17_IG1_full_set_1_pred_grains_re_scaled,1923,54.1,[52.7 55.3],93.0,[89.7 95.9],182.2,[172.4 190. ],309.3,[292.1 326.9],mm,a_axis,bootstrapping,ellipse,sense2_b1-4-17.jpg
sense2_b1-4-18_IG1_full_set_1_pred_grains_re_scaled,594,55.6,[52.4 57.7],92.7,[86.4 98.2],176.5,[158.6 193. ],283.4,[260.6 320.6],mm,a_axis,bootstrapping,ellipse,sense2_b1-4-18.jpg
sense2_b1-5-3_IG1_full_set_1_pred_grains_re_scaled,1,82.8,[82.8 82.8],82.8,[82.8 82.8],82.8,[82.8 82.8],82.8,[82.8 82.8],mm,a_axis,bootstrapping,ellipse,sense2_b1-5-3.jpg
sense2_b1-5-4_IG1_full_set_1_pred_grains_re_scaled,873,50.7,[49.  52.3],82.4,[78.3 85.7],156.3,[147.8 170.4],278.7,[255.5 316.7],mm,a_axis,bootstrapping,ellipse,sense2_b1-5-4.jpg
sense2_b1-5-5_IG1_full_set_1_pred_grains_re_scaled,2740,48.5,[47.8 49.3],75.5,[73.7 77.2],134.6,[131.2 140.4],227.8,[211.8 247.5],mm,a_axis,bootstrapping,ellipse,sense2_b1-5-5.jpg
sense2_b1-5-6_IG1_full_set_1_pred_grains_re_scaled,3526,49.8,[49.  50.8],79.3,[78.1 81.1],146.8,[142.1 152.1],244.9,[234.5 257.5],mm,a_axis,bootstrapping,ellipse,sense2_b1-5-6.jpg
sense2_b1-5-7_IG1_full_set_1_pred_grains_re_scaled,1262,51.3,[49.9 53.2],80.7,[77.8 83.8],163.1,[152.2 176.9],309.6,[277.4 334.3],mm,a_axis,bootstrapping,ellipse,sense2_b1-5-7.jpg
sense2_b1-5-8_IG1_full_set_1_pred_grains_re_scaled,1399,48.6,[47.  50.3],80.2,[77.  83.9],153.9,[148.1 166.2],280.2,[257.6 310.1],mm,a_axis,bootstrapping,ellipse,sense2_b1-5-8.jpg
sense2_b1-5-9_IG1_full_set_1_pred_grains_re_scaled,2215,50.4,[49.3 51.5],79.3,[77.  81.7],142.5,[135.5 146.8],242.6,[221.5 258.9],mm,a_axis,bootstrapping,ellipse,sense2_b1-5-9.jpg
sense2_b1-5-10_IG1_full_set_1_pred_grains_re_scaled,3828,50.7,[50.  51.4],78.0,[76.4 79.7],136.5,[131.9 140.2],224.9,[212.5 233.6],mm,a_axis,bootstrapping,ellipse,sense2_b1-5-10.jpg
sense2_b1-5-11_IG1_full_set_1_pred_grains_re_scaled,3899,48.6,[47.8 49.3],72.4,[71.2 73.8],121.6,[119. 124.],181.7,[176.4 192.9],mm,a_axis,bootstrapping,ellipse,sense2_b1-5-11.jpg
sense2_b1-5-12_IG1_full_set_1_pred_grains_re_scaled,2133,50.9,[49.8 51.9],81.8,[79.5 83.8],161.1,[154.4 170.2],261.7,[249.1 283.2],mm,a_axis,bootstrapping,ellipse,sense2_b1-5-12.jpg
sense2_b1-5-13_IG1_full_set_1_pred_grains_re_scaled,2276,56.1,[55.  57.8],95.3,[92.3 98.5],189.3,[180.4 198. ],307.0,[288.7 322.2],mm,a_axis,bootstrapping,ellipse,sense2_b1-5-13.jpg
sense2_b1-5-14_IG1_full_set_1_pred_grains_re_scaled,1953,54.1,[52.2 55.5],92.0,[88.7 94.7],183.7,[174.6 192.9],320.6,[301.2 353.6],mm,a_axis,bootstrapping,ellipse,sense2_b1-5-14.jpg
sense2_b1-5-15_IG1_full_set_1_pred_grains_re_scaled,2846,50.5,[49.6 51.4],78.9,[77.1 80.9],146.6,[140.6 151.9],255.3,[242.2 274.5],mm,a_axis,bootstrapping,ellipse,sense2_b1-5-15.jpg
sense2_b1-5-16_IG1_full_set_1_pred_grains_re_scaled,2619,50.2,[49.2 51.3],77.7,[76.2 79.7],137.9,[132.2 142. ],232.0,[219.3 251. ],mm,a_axis,bootstrapping,ellipse,sense2_b1-5-16.jpg
sense2_b1-5-17_IG1_full_set_1_pred_grains_re_scaled,2749,51.9,[50.7 53. ],83.8,[81.9 86. ],154.9,[150.1 160.3],259.7,[246.2 267.9],mm,a_axis,bootstrapping,ellipse,sense2_b1-5-17.jpg
sense2_b1-5-18_IG1_full_set_1_pred_grains_re_scaled,1232,57.0,[54.8 58.9],96.6,[93.2 99.4],184.2,[172.  191.9],309.8,[291.5 327.9],mm,a_axis,bootstrapping,ellipse,sense2_b1-5-18.jpg
sense2_b1-5-19_IG1_full_set_1_pred_grains_re_scaled,1525,54.0,[52.7 55.7],88.1,[85.7 91.9],161.8,[155.2 170.5],261.9,[246.5 286.4],mm,a_axis,bootstrapping,ellipse,sense2_b1-5-19.jpg
sense2_b1-6-6_IG1_full_set_1_pred_grains_re_scaled,0,0.0,0.0,0.0,0.0,0.0,0.0,0.0,0.0,mm,a_axis,bootstrapping,ellipse,sense2_b1-6-6.jpg
sense2_b1-6-7_IG1_full_set_1_pred_grains_re_scaled,181,50.7,[45.3 55.8],87.8,[78.3 96.6],153.5,[132.3 183.2],275.8,[208.3 302.8],mm,a_axis,bootstrapping,ellipse,sense2_b1-6-7.jpg
sense2_b1-6-8_IG1_full_set_1_pred_grains_re_scaled,1121,54.3,[52.6 56.3],85.8,[83.2 88.7],141.8,[136.5 148.4],229.0,[206.  246.1],mm,a_axis,bootstrapping,ellipse,sense2_b1-6-8.jpg
sense2_b1-6-9_IG1_full_set_1_pred_grains_re_scaled,1294,52.3,[50.2 54.3],84.3,[82.2 86.1],143.8,[135.5 149.6],226.2,[211.7 233.3],mm,a_axis,bootstrapping,ellipse,sense2_b1-6-9.jpg
sense2_b1-6-10_IG1_full_set_1_pred_grains_re_scaled,2764,51.3,[50.4 52.4],81.2,[79.3 83.1],149.2,[142.6 154. ],241.8,[226.  257.9],mm,a_axis,bootstrapping,ellipse,sense2_b1-6-10.jpg
sense2_b1-6-11_IG1_full_set_1_pred_grains_re_scaled,2668,53.1,[52.3 54.1],87.5,[85.3 89.1],159.1,[153.  165.1],278.7,[253.3 291.3],mm,a_axis,bootstrapping,ellipse,sense2_b1-6-11.jpg
sense2_b1-6-12_IG1_full_set_1_pred_grains_re_scaled,3051,49.5,[48.7 50.2],76.8,[75.3 78.9],139.9,[135.3 142.9],238.3,[223.2 254.9],mm,a_axis,bootstrapping,ellipse,sense2_b1-6-12.jpg
sense2_b1-6-13_IG1_full_set_1_pred_grains_re_scaled,3545,48.3,[47.7 49. ],75.6,[74.2 77.2],130.5,[126.2 135.9],215.0,[206.  223.3],mm,a_axis,bootstrapping,ellipse,sense2_b1-6-13.jpg
sense2_b1-6-14_IG1_full_set_1_pred_grains_re_scaled,3552,49.3,[48.4 49.8],75.9,[74.4 77.9],132.0,[127.8 136.1],218.6,[207.1 227.2],mm,a_axis,bootstrapping,ellipse,sense2_b1-6-14.jpg
sense2_b1-6-15_IG1_full_set_1_pred_grains_re_scaled,3262,49.2,[48.5 50. ],75.4,[73.8 77.4],134.9,[130.4 141. ],214.5,[205.  226.9],mm,a_axis,bootstrapping,ellipse,sense2_b1-6-15.jpg
sense2_b1-6-16_IG1_full_set_1_pred_grains_re_scaled,2691,50.4,[49.5 51.5],80.7,[78.6 82.6],146.5,[141.8 153. ],242.7,[228.2 257.5],mm,a_axis,bootstrapping,ellipse,sense2_b1-6-16.jpg
sense2_b1-6-17_IG1_full_set_1_pred_grains_re_scaled,2161,52.7,[51.1 54. ],87.3,[85.2 90.3],167.8,[160.3 176.7],270.1,[257.  294.7],mm,a_axis,bootstrapping,ellipse,sense2_b1-6-17.jpg
sense2_b1-6-18_IG1_full_set_1_pred_grains_re_scaled,417,61.5,[58.2 64.8],103.7,[ 95.8 115.6],194.2,[180.7 213.1],301.8,[263.2 358.9],mm,a_axis,bootstrapping,ellipse,sense2_b1-6-18.jpg
sense2_b1-6-19_IG1_full_set_1_pred_grains_re_scaled,746,60.3,[57.8 63.1],98.9,[ 95.9 103.9],187.5,[170.6 206.6],348.7,[309.5 383.3],mm,a_axis,bootstrapping,ellipse,sense2_b1-6-19.jpg
sense2_b1-7-12_IG1_full_set_1_pred_grains_re_scaled,0,0.0,0.0,0.0,0.0,0.0,0.0,0.0,0.0,mm,a_axis,bootstrapping,ellipse,sense2_b1-7-12.jpg
sense2_b1-7-13_IG1_full_set_1_pred_grains_re_scaled,82,53.9,[46.1 58.4],93.1,[ 81.3 109.3],193.8,[136.  212.6],232.6,[211.4 300.3],mm,a_axis,bootstrapping,ellipse,sense2_b1-7-13.jpg
sense2_b1-7-14_IG1_full_set_1_pred_grains_re_scaled,746,52.0,[49.7 54.1],82.0,[78.7 88.5],143.2,[135.1 153.8],244.6,[214.8 255.8],mm,a_axis,bootstrapping,ellipse,sense2_b1-7-14.jpg
sense2_b1-7-15_IG1_full_set_1_pred_grains_re_scaled,1884,52.1,[50.6 53.4],84.0,[81.1 86.7],142.3,[136.9 149.8],231.4,[219.8 243.8],mm,a_axis,bootstrapping,ellipse,sense2_b1-7-15.jpg
sense2_b1-7-16_IG1_full_set_1_pred_grains_re_scaled,1943,54.7,[53.  56.5],92.9,[89.5 96.7],183.4,[173.2 190.7],298.1,[284.5 308.9],mm,a_axis,bootstrapping,ellipse,sense2_b1-7-16.jpg
sense2_b1-7-17_IG1_full_set_1_pred_grains_re_scaled,1086,54.5,[53.  56.7],93.1,[89.3 97.9],187.6,[178.  198.5],314.8,[273.2 345.5],mm,a_axis,bootstrapping,ellipse,sense2_b1-7-17.jpg
sense2_b1-7-18_IG1_full_set_1_pred_grains_re_scaled,165,59.8,[54.2 64. ],94.1,[ 88.3 109.8],226.3,[191.3 266.1],363.1,[323.9 460.1],mm,a_axis,bootstrapping,ellipse,sense2_b1-7-18.jpg
sense2_b1-7-19_IG1_full_set_1_pred_grains_re_scaled,0,0.0,0.0,0.0,0.0,0.0,0.0,0.0,0.0,mm,a_axis,bootstrapping,ellipse,sense2_b1-7-19.jpg
