Image/Masks,number of grains,D16,CI D16 (95%),D50,CI D50 (95%),D84,CI D84 (95%),D96,CI D96 (95%),unit,axis,method,grain approximation,NAME
sense2_b2-0-0_IG1_full_set_1_pred_grains_re_scaled,206,50.7,[47.5 55.1],85.9,[78.2 94.1],174.7,[159.2 201.9],291.1,[243.9 343. ],mm,a_axis,bootstrapping,ellipse,sense2_b2-0-0.jpg
sense2_b2-0-1_IG1_full_set_1_pred_grains_re_scaled,2064,49.6,[48.8 50.7],77.4,[74.9 79.4],139.2,[133.  145.8],242.5,[223.4 254.8],mm,a_axis,bootstrapping,ellipse,sense2_b2-0-1.jpg
sense2_b2-0-2_IG1_full_set_1_pred_grains_re_scaled,1252,47.3,[46.2 48.7],70.3,[68.3 72. ],123.2,[115.8 130.9],220.0,[195.7 268.4],mm,a_axis,bootstrapping,ellipse,sense2_b2-0-2.jpg
sense2_b2-0-3_IG1_full_set_1_pred_grains_re_scaled,2377,48.3,[47.6 49.3],74.2,[72.4 76.1],125.5,[122.1 131.2],205.7,[194. 217.],mm,a_axis,bootstrapping,ellipse,sense2_b2-0-3.jpg
sense2_b2-0-4_IG1_full_set_1_pred_grains_re_scaled,1344,48.8,[47.7 49.9],70.3,[68.6 72.4],125.2,[117.8 131.5],214.3,[198.7 236.7],mm,a_axis,bootstrapping,ellipse,sense2_b2-0-4.jpg
sense2_b2-0-5_IG1_full_set_1_pred_grains_re_scaled,1190,51.9,[50.6 53.4],80.8,[77.2 83.6],147.9,[140.8 156.9],229.4,[213.7 251. ],mm,a_axis,bootstrapping,ellipse,sense2_b2-0-5.jpg
sense2_b2-0-6_IG1_full_set_1_pred_grains_re_scaled,844,52.7,[51.2 54.2],85.5,[81.1 88.7],157.4,[142.1 164. ],231.6,[215. 249.],mm,a_axis,bootstrapping,ellipse,sense2_b2-0-6.jpg
sense2_b2-0-7_IG1_full_set_1_pred_grains_re_scaled,146,50.4,[47.4 58.7],76.7,[72.4 79.9],115.1,[107.5 138.1],188.6,[155.8 255.2],mm,a_axis,bootstrapping,ellipse,sense2_b2-0-7.jpg
sense2_b2-0-8_IG1_full_set_1_pred_grains_re_scaled,0,0.0,0.0,0.0,0.0,0.0,0.0,0.0,0.0,mm,a_axis,bootstrapping,ellipse,sense2_b2-0-8.jpg
sense2_b2-1-0_IG1_full_set_1_pred_grains_re_scaled,569,50.0,[47.9 52.9],84.5,[80.2 89.7],147.4,[139.  157.9],224.8,[205.9 258.7],mm,a_axis,bootstrapping,ellipse,sense2_b2-1-0.jpg
sense2_b2-1-1_IG1_full_set_1_pred_grains_re_scaled,1191,51.2,[49.4 52.8],85.7,[83.3 90.2],161.5,[153.9 177.4],282.8,[258.9 314.3],mm,a_axis,bootstrapping,ellipse,sense2_b2-1-1.jpg
sense2_b2-1-2_IG1_full_set_1_pred_grains_re_scaled,2300,49.0,[47.9 50.1],76.9,[74.5 78.8],143.8,[137.6 149.8],255.7,[233.4 270.4],mm,a_axis,bootstrapping,ellipse,sense2_b2-1-2.jpg
sense2_b2-1-3_IG1_full_set_1_pred_grains_re_scaled,2014,49.0,[47.8 50.1],77.0,[74.1 78.9],140.4,[134.8 149. ],244.3,[231.1 269.1],mm,a_axis,bootstrapping,ellipse,sense2_b2-1-3.jpg
sense2_b2-1-4_IG1_full_set_1_pred_grains_re_scaled,2709,47.5,[46.6 48.2],69.1,[67.6 70.5],117.7,[114.4 123. ],206.5,[191.  219.5],mm,a_axis,bootstrapping,ellipse,sense2_b2-1-4.jpg
sense2_b2-1-5_IG1_full_set_1_pred_grains_re_scaled,1865,46.9,[46.1 47.7],68.1,[66.4 69.5],114.2,[109.7 119.7],182.0,[170.3 192.4],mm,a_axis,bootstrapping,ellipse,sense2_b2-1-5.jpg
sense2_b2-1-6_IG1_full_set_1_pred_grains_re_scaled,2807,49.8,[49.  50.7],76.7,[74.9 78.6],131.8,[127.7 136.2],210.2,[197.8 223. ],mm,a_axis,bootstrapping,ellipse,sense2_b2-1-6.jpg
sense2_b2-1-7_IG1_full_set_1_pred_grains_re_scaled,2514,50.6,[49.6 51.7],80.0,[77.8 82.9],150.4,[143.3 156. ],270.7,[259.  289.4],mm,a_axis,bootstrapping,ellipse,sense2_b2-1-7.jpg
sense2_b2-1-8_IG1_full_set_1_pred_grains_re_scaled,2954,50.8,[49.8 51.6],80.6,[78.8 82.9],155.5,[148.5 160.3],271.6,[258.1 286.6],mm,a_axis,bootstrapping,ellipse,sense2_b2-1-8.jpg
sense2_b2-1-9_IG1_full_set_1_pred_grains_re_scaled,1993,50.1,[48.9 51.4],80.2,[77.7 82.4],147.9,[141.4 155.3],257.9,[235.8 277.7],mm,a_axis,bootstrapping,ellipse,sense2_b2-1-9.jpg
sense2_b2-1-10_IG1_full_set_1_pred_grains_re_scaled,2707,48.5,[47.6 49.3],73.1,[71.3 74.9],135.6,[130.7 140.6],247.3,[228.1 263.2],mm,a_axis,bootstrapping,ellipse,sense2_b2-1-10.jpg
sense2_b2-1-11_IG1_full_set_1_pred_grains_re_scaled,1864,50.1,[48.9 51.7],81.4,[79.  84.3],152.5,[145.9 161.5],276.6,[258.5 295.7],mm,a_axis,bootstrapping,ellipse,sense2_b2-1-11.jpg
sense2_b2-1-12_IG1_full_set_1_pred_grains_re_scaled,2167,51.4,[50.  52.4],85.0,[82.9 87.4],157.1,[150.1 164.5],270.3,[254.5 294.1],mm,a_axis,bootstrapping,ellipse,sense2_b2-1-12.jpg
sense2_b2-1-13_IG1_full_set_1_pred_grains_re_scaled,1806,50.2,[49.1 51.5],80.2,[77.6 83.2],145.9,[140.9 154.7],236.5,[219. 253.],mm,a_axis,bootstrapping,ellipse,sense2_b2-1-13.jpg
sense2_b2-1-14_IG1_full_set_1_pred_grains_re_scaled,1194,52.2,[50.5 53.8],87.6,[85.1 91.5],166.6,[159.4 173.2],272.0,[255.3 321.7],mm,a_axis,bootstrapping,ellipse,sense2_b2-1-14.jpg
sense2_b2-1-15_IG1_full_set_1_pred_grains_re_scaled,639,52.6,[50.  54.8],83.2,[78.4 87.1],156.8,[148.  171.6],275.4,[251.  311.1],mm,a_axis,bootstrapping,ellipse,sense2_b2-1-15.jpg
sense2_b2-1-16_IG1_full_set_1_pred_grains_re_scaled,0,0.0,0.0,0.0,0.0,0.0,0.0,0.0,0.0,mm,a_axis,bootstrapping,ellipse,sense2_b2-1-16.jpg
sense2_b2-2-2_IG1_full_set_1_pred_grains_re_scaled,0,0.0,0.0,0.0,0.0,0.0,0.0,0.0,0.0,mm,a_axis,bootstrapping,ellipse,sense2_b2-2-2.jpg
sense2_b2-2-3_IG1_full_set_1_pred_grains_re_scaled,1330,49.8,[48.5 50.8],78.7,[76.2 81.5],141.3,[131.9 147.7],234.4,[214.4 252.5],mm,a_axis,bootstrapping,ellipse,sense2_b2-2-3.jpg
sense2_b2-2-4_IG1_full_set_1_pred_grains_re_scaled,2467,49.4,[48.4 50.4],74.3,[72.9 76.1],132.7,[126.9 138.4],230.5,[220.5 247.2],mm,a_axis,bootstrapping,ellipse,sense2_b2-2-4.jpg
sense2_b2-2-5_IG1_full_set_1_pred_grains_re_scaled,2046,50.7,[49.7 51.9],85.4,[82.4 88.1],163.4,[155.4 170.6],279.4,[264.7 304.9],mm,a_axis,bootstrapping,ellipse,sense2_b2-2-5.jpg
sense2_b2-2-6_IG1_full_set_1_pred_grains_re_scaled,2043,52.0,[51. 53.],85.4,[83.5 87.6],162.4,[155.4 172.7],316.7,[284.3 339.2],mm,a_axis,bootstrapping,ellipse,sense2_b2-2-6.jpg
sense2_b2-2-7_IG1_full_set_1_pred_grains_re_scaled,2217,51.3,[50.2 52.8],82.3,[79.8 85.1],152.7,[145.1 160.1],292.7,[265.5 313.3],mm,a_axis,bootstrapping,ellipse,sense2_b2-2-7.jpg
sense2_b2-2-8_IG1_full_set_1_pred_grains_re_scaled,2567,49.8,[48.4 50.8],77.4,[76.1 80.4],152.1,[144.6 157.7],271.2,[255.4 292.8],mm,a_axis,bootstrapping,ellipse,sense2_b2-2-8.jpg
sense2_b2-2-9_IG1_full_set_1_pred_grains_re_scaled,2587,49.3,[48.5 50.3],77.0,[75.1 79.3],137.9,[132.7 144.8],254.5,[242.2 275.3],mm,a_axis,bootstrapping,ellipse,sense2_b2-2-9.jpg
sense2_b2-2-10_IG1_full_set_1_pred_grains_re_scaled,3155,49.5,[48.5 50.2],77.0,[75.7 78.8],142.6,[137.9 147. ],245.4,[233.3 264.5],mm,a_axis,bootstrapping,ellipse,sense2_b2-2-10.jpg
sense2_b2-2-11_IG1_full_set_1_pred_grains_re_scaled,1960,50.7,[49.3 52.2],82.3,[80.  85.1],161.3,[151.7 170.7],273.3,[256.2 287.4],mm,a_axis,bootstrapping,ellipse,sense2_b2-2-11.jpg
sense2_b2-2-12_IG1_full_set_1_pred_grains_re_scaled,2623,49.5,[48.6 50.5],78.2,[76.1 79.6],142.2,[136.7 147.1],243.9,[230.5 259.1],mm,a_axis,bootstrapping,ellipse,sense2_b2-2-12.jpg
sense2_b2-2-13_IG1_full_set_1_pred_grains_re_scaled,3033,48.5,[47.7 49.4],75.6,[74.1 77.6],136.2,[130.6 140.5],227.0,[211.7 241.4],mm,a_axis,bootstrapping,ellipse,sense2_b2-2-13.jpg
sense2_b2-2-14_IG1_full_set_1_pred_grains_re_scaled,2562,50.2,[49.2 51.4],80.8,[78.9 83.3],153.8,[148.2 159.3],269.8,[247.8 284. ],mm,a_axis,bootstrapping,ellipse,sense2_b2-2-14.jpg
sense2_b2-2-15_IG1_full_set_1_pred_grains_re_scaled,1782,52.4,[51.6 53.8],86.3,[82.7 89.1],172.6,[159.3 181.7],276.7,[258.5 306.7],mm,a_axis,bootstrapping,ellipse,sense2_b2-2-15.jpg
sense2_b2-2-16_IG1_full_set_1_pred_grains_re_scaled,1332,51.1,[48.9 52.5],82.3,[79.6 85.1],145.5,[139.4 150.9],244.8,[225.3 264.5],mm,a_axis,bootstrapping,ellipse,sense2_b2-2-16.jpg
sense2_b2-2-17_IG1_full_set_1_pred_grains_re_scaled,1461,52.1,[50.4 54. ],89.3,[85.  92.1],160.5,[154.9 173.4],277.9,[262.2 299.8],mm,a_axis,bootstrapping,ellipse,sense2_b2-2-17.jpg
sense2_b2-2-18_IG1_full_set_1_pred_grains_re_scaled,1196,53.3,[51.6 55.5],90.5,[85.9 94.3],183.1,[172.  197.7],326.1,[297.7 358.7],mm,a_axis,bootstrapping,ellipse,sense2_b2-2-18.jpg
sense2_b2-2-19_IG1_full_set_1_pred_grains_re_scaled,820,52.5,[50.4 54.6],89.9,[84.1 94.7],188.8,[173.7 201.1],306.4,[287.4 335.4],mm,a_axis,bootstrapping,ellipse,sense2_b2-2-19.jpg
sense2_b2-2-20_IG1_full_set_1_pred_grains_re_scaled,1652,64.1,[62.3 66.8],115.8,[112.2 119.3],216.2,[206.4 224.6],350.3,[326.4 358.3],mm,a_axis,bootstrapping,ellipse,sense2_b2-2-20.jpg
sense2_b2-2-21_IG1_full_set_1_pred_grains_re_scaled,655,55.1,[52.9 58.4],102.4,[ 97.5 107.7],220.9,[209.  238.8],362.0,[337.7 411.2],mm,a_axis,bootstrapping,ellipse,sense2_b2-2-21.jpg
sense2_b2-2-22_IG1_full_set_1_pred_grains_re_scaled,840,57.6,[54.9 59.8],100.1,[ 96.3 104.6],193.2,[184.7 208.8],309.6,[283.4 334.3],mm,a_axis,bootstrapping,ellipse,sense2_b2-2-22.jpg
sense2_b2-2-23_IG1_full_set_1_pred_grains_re_scaled,279,55.1,[50.4 58.6],94.5,[ 88.1 105.6],189.4,[161.4 214.7],309.3,[258.1 406. ],mm,a_axis,bootstrapping,ellipse,sense2_b2-2-23.jpg
sense2_b2-3-4_IG1_full_set_1_pred_grains_re_scaled,245,51.8,[48.4 53.2],77.7,[70.5 85.5],142.1,[127.  159.4],256.6,[201.  289.1],mm,a_axis,bootstrapping,ellipse,sense2_b2-3-4.jpg
sense2_b2-3-5_IG1_full_set_1_pred_grains_re_scaled,1454,47.9,[46.9 49.4],71.9,[69.5 74.4],123.8,[117.1 130.1],215.0,[201.3 230.8],mm,a_axis,bootstrapping,ellipse,sense2_b2-3-5.jpg
sense2_b2-3-6_IG1_full_set_1_pred_grains_re_scaled,2954,48.5,[47.7 49.5],75.0,[73.3 76.6],139.3,[132.7 144. ],242.3,[225.3 258.9],mm,a_axis,bootstrapping,ellipse,sense2_b2-3-6.jpg
sense2_b2-3-7_IG1_full_set_1_pred_grains_re_scaled,2590,50.4,[49.5 51.6],80.7,[78.7 83.7],153.6,[146.3 163.1],281.5,[266.2 296.6],mm,a_axis,bootstrapping,ellipse,sense2_b2-3-7.jpg
sense2_b2-3-8_IG1_full_set_1_pred_grains_re_scaled,2636,49.5,[48.6 50.8],77.4,[76. 80.],146.4,[139.  152.9],258.0,[237.6 283.4],mm,a_axis,bootstrapping,ellipse,sense2_b2-3-8.jpg
sense2_b2-3-9_IG1_full_set_1_pred_grains_re_scaled,3511,50.5,[49.7 51.2],77.7,[76.1 79.5],140.6,[135.4 146.1],242.8,[233.5 250.6],mm,a_axis,bootstrapping,ellipse,sense2_b2-3-9.jpg
sense2_b2-3-10_IG1_full_set_1_pred_grains_re_scaled,3698,47.7,[47.2 48.4],73.5,[72.  74.7],130.0,[126.8 134.1],226.9,[213.9 236.5],mm,a_axis,bootstrapping,ellipse,sense2_b2-3-10.jpg
sense2_b2-3-11_IG1_full_set_1_pred_grains_re_scaled,3506,47.1,[46.4 47.7],72.0,[70.9 73.5],126.3,[123.  129.9],214.8,[201.1 226.1],mm,a_axis,bootstrapping,ellipse,sense2_b2-3-11.jpg
sense2_b2-3-12_IG1_full_set_1_pred_grains_re_scaled,3304,47.6,[47.  48.2],70.2,[69.  71.3],124.0,[119.3 128.6],214.2,[202.1 229.6],mm,a_axis,bootstrapping,ellipse,sense2_b2-3-12.jpg
sense2_b2-3-13_IG1_full_set_1_pred_grains_re_scaled,3424,49.7,[48.8 50.6],75.7,[74.1 77. ],136.3,[132.1 141.1],237.4,[223.7 248.6],mm,a_axis,bootstrapping,ellipse,sense2_b2-3-13.jpg
sense2_b2-3-14_IG1_full_set_1_pred_grains_re_scaled,2578,49.2,[48.1 50.2],75.9,[73.8 77.7],137.4,[132.  141.7],235.2,[216.1 244.6],mm,a_axis,bootstrapping,ellipse,sense2_b2-3-14.jpg
sense2_b2-3-15_IG1_full_set_1_pred_grains_re_scaled,2677,49.5,[48.3 50.4],76.9,[75.3 79. ],141.6,[134.2 147.3],236.5,[223.8 249.1],mm,a_axis,bootstrapping,ellipse,sense2_b2-3-15.jpg
sense2_b2-3-16_IG1_full_set_1_pred_grains_re_scaled,1996,47.3,[46.5 48.2],72.5,[70.9 74.2],129.1,[122.7 135.9],213.3,[199.3 233.1],mm,a_axis,bootstrapping,ellipse,sense2_b2-3-16.jpg
sense2_b2-3-17_IG1_full_set_1_pred_grains_re_scaled,2357,49.1,[48.2 49.9],78.4,[76.6 81.4],148.9,[142.4 155. ],245.1,[232.3 255.5],mm,a_axis,bootstrapping,ellipse,sense2_b2-3-17.jpg
sense2_b2-3-18_IG1_full_set_1_pred_grains_re_scaled,2102,51.6,[50.5 52.5],81.5,[79.6 83.6],155.6,[149.9 161.2],254.9,[236.3 272.2],mm,a_axis,bootstrapping,ellipse,sense2_b2-3-18.jpg
sense2_b2-3-19_IG1_full_set_1_pred_grains_re_scaled,2746,48.6,[47.8 49.7],76.3,[74.6 77.6],134.9,[130.6 139.5],232.2,[218.3 249.1],mm,a_axis,bootstrapping,ellipse,sense2_b2-3-19.jpg
sense2_b2-3-20_IG1_full_set_1_pred_grains_re_scaled,1502,51.6,[50.4 53.1],86.9,[83.8 90.1],167.6,[158.2 177.3],274.7,[256.7 297.7],mm,a_axis,bootstrapping,ellipse,sense2_b2-3-20.jpg
sense2_b2-3-21_IG1_full_set_1_pred_grains_re_scaled,558,61.1,[58.4 65.6],103.8,[ 98.3 112. ],209.9,[199.6 231.6],404.0,[341.6 440.3],mm,a_axis,bootstrapping,ellipse,sense2_b2-3-21.jpg
sense2_b2-3-22_IG1_full_set_1_pred_grains_re_scaled,1011,50.2,[48.8 51.6],84.8,[81.6 88.2],174.4,[159.4 190.4],312.3,[283.2 329.1],mm,a_axis,bootstrapping,ellipse,sense2_b2-3-22.jpg
sense2_b2-3-23_IG1_full_set_1_pred_grains_re_scaled,632,54.8,[52.3 57.4],87.3,[83.1 91.9],190.6,[159.8 208. ],352.3,[314.2 391.9],mm,a_axis,bootstrapping,ellipse,sense2_b2-3-23.jpg
sense2_b2-4-6_IG1_full_set_1_pred_grains_re_scaled,84,58.1,[47.5 69.4],95.4,[ 84.1 109. ],170.8,[135.3 202.3],254.6,[200.9 412. ],mm,a_axis,bootstrapping,ellipse,sense2_b2-4-6.jpg
sense2_b2-4-7_IG1_full_set_1_pred_grains_re_scaled,770,51.1,[49.3 53.1],80.0,[75.7 83.8],151.7,[141.8 161.5],286.2,[265.8 308.6],mm,a_axis,bootstrapping,ellipse,sense2_b2-4-7.jpg
sense2_b2-4-8_IG1_full_set_1_pred_grains_re_scaled,2100,51.3,[50.4 52.4],82.2,[79.4 84.9],146.2,[141.1 150.7],230.1,[220.  245.4],mm,a_axis,bootstrapping,ellipse,sense2_b2-4-8.jpg
sense2_b2-4-9_IG1_full_set_1_pred_grains_re_scaled,1953,48.7,[47.7 50.1],77.5,[74.7 79.6],140.9,[134.5 146.3],247.1,[229.9 267.4],mm,a_axis,bootstrapping,ellipse,sense2_b2-4-9.jpg
sense2_b2-4-10_IG1_full_set_1_pred_grains_re_scaled,2943,48.7,[47.6 49.5],76.1,[74.8 77.7],143.9,[139.3 149.9],269.7,[257.3 288.3],mm,a_axis,bootstrapping,ellipse,sense2_b2-4-10.jpg
sense2_b2-4-11_IG1_full_set_1_pred_grains_re_scaled,3345,49.2,[48.6 49.8],74.6,[73.2 76.1],139.7,[136.1 144.6],235.5,[224.4 255.5],mm,a_axis,bootstrapping,ellipse,sense2_b2-4-11.jpg
sense2_b2-4-12_IG1_full_set_1_pred_grains_re_scaled,2996,49.0,[48.1 49.9],73.4,[71.7 75.1],132.1,[128.2 136.8],217.7,[204.6 231.9],mm,a_axis,bootstrapping,ellipse,sense2_b2-4-12.jpg
sense2_b2-4-13_IG1_full_set_1_pred_grains_re_scaled,2669,47.3,[46.5 48. ],73.9,[72.3 75.5],131.3,[127.4 136.4],227.8,[211.2 237.1],mm,a_axis,bootstrapping,ellipse,sense2_b2-4-13.jpg
sense2_b2-4-14_IG1_full_set_1_pred_grains_re_scaled,1073,51.4,[49.6 53.7],83.4,[80.4 86.7],150.0,[143.9 156.1],251.1,[233.9 279.2],mm,a_axis,bootstrapping,ellipse,sense2_b2-4-14.jpg
sense2_b2-4-15_IG1_full_set_1_pred_grains_re_scaled,411,56.0,[53.6 57.5],87.9,[84.2 92.8],166.0,[150.9 179.8],273.6,[232.3 316.2],mm,a_axis,bootstrapping,ellipse,sense2_b2-4-15.jpg
sense2_b2-4-16_IG1_full_set_1_pred_grains_re_scaled,264,58.3,[54.3 64.7],96.3,[ 88.2 106.2],171.8,[149.1 208.4],281.9,[248.  343.5],mm,a_axis,bootstrapping,ellipse,sense2_b2-4-16.jpg
sense2_b2-4-17_IG1_full_set_1_pred_grains_re_scaled,33,63.6,[56.  72.5],89.0,[ 73.8 118.3],154.9,[120.4 233. ],272.7,[155.1 295.7],mm,a_axis,bootstrapping,ellipse,sense2_b2-4-17.jpg
sense2_b2-4-18_IG1_full_set_1_pred_grains_re_scaled,0,0.0,0.0,0.0,0.0,0.0,0.0,0.0,0.0,mm,a_axis,bootstrapping,ellipse,sense2_b2-4-18.jpg
