Image/Masks,number of grains,D16,CI D16 (95%),D50,CI D50 (95%),D84,CI D84 (95%),D96,CI D96 (95%),unit,axis,method,grain approximation,NAME
sense2_b3-0-0_IG1_full_set_1_pred_grains_re_scaled,1521,53.9,[51.7 55.3],91.8,[89.1 94.6],180.6,[173.2 192. ],304.4,[286.7 339.2],mm,a_axis,bootstrapping,ellipse,sense2_b3-0-0.jpg
sense2_b3-0-1_IG1_full_set_1_pred_grains_re_scaled,1922,58.3,[57.  59.9],100.0,[ 96.4 103.5],213.7,[199.9 225.2],360.7,[335.7 385.2],mm,a_axis,bootstrapping,ellipse,sense2_b3-0-1.jpg
sense2_b3-0-2_IG1_full_set_1_pred_grains_re_scaled,2556,49.7,[48.4 50.6],77.7,[76.  79.2],139.5,[133.3 145.8],234.6,[222.8 253.4],mm,a_axis,bootstrapping,ellipse,sense2_b3-0-2.jpg
sense2_b3-0-3_IG1_full_set_1_pred_grains_re_scaled,2313,48.8,[47.9 50.2],74.9,[73.  76.7],132.6,[127.3 138.2],212.3,[199.7 225. ],mm,a_axis,bootstrapping,ellipse,sense2_b3-0-3.jpg
sense2_b3-0-4_IG1_full_set_1_pred_grains_re_scaled,2290,49.5,[48.7 50.6],77.7,[75.3 80.2],144.0,[137.7 149.6],244.9,[231.5 258.7],mm,a_axis,bootstrapping,ellipse,sense2_b3-0-4.jpg
sense2_b3-0-5_IG1_full_set_1_pred_grains_re_scaled,932,55.2,[51.8 56.8],93.9,[90.1 98.4],181.9,[170.7 190.2],295.8,[268.1 315.9],mm,a_axis,bootstrapping,ellipse,sense2_b3-0-5.jpg
sense2_b3-0-6_IG1_full_set_1_pred_grains_re_scaled,0,0.0,0.0,0.0,0.0,0.0,0.0,0.0,0.0,mm,a_axis,bootstrapping,ellipse,sense2_b3-0-6.jpg
sense2_b3-1-0_IG1_full_set_1_pred_grains_re_scaled,765,55.5,[53.5 57.7],100.2,[ 96.4 106.7],223.1,[202.7 249.4],406.0,[367.2 453.7],mm,a_axis,bootstrapping,ellipse,sense2_b3-1-0.jpg
sense2_b3-1-1_IG1_full_set_1_pred_grains_re_scaled,1110,55.8,[54. 57.],98.1,[ 93.4 103.2],207.4,[192.9 223.4],408.3,[374.8 442.9],mm,a_axis,bootstrapping,ellipse,sense2_b3-1-1.jpg
sense2_b3-1-2_IG1_full_set_1_pred_grains_re_scaled,1038,50.3,[48.1 52.1],82.1,[78.8 85.5],178.3,[165.4 193.2],374.8,[331.8 412.2],mm,a_axis,bootstrapping,ellipse,sense2_b3-1-2.jpg
sense2_b3-1-3_IG1_full_set_1_pred_grains_re_scaled,2986,49.3,[48.2 50.2],78.8,[76.5 80.6],145.5,[141.5 152.4],273.9,[259.2 288.4],mm,a_axis,bootstrapping,ellipse,sense2_b3-1-3.jpg
sense2_b3-1-4_IG1_full_set_1_pred_grains_re_scaled,2431,49.1,[47.9 50.3],77.5,[75.6 79.7],154.6,[146.9 165. ],316.4,[291.9 343.7],mm,a_axis,bootstrapping,ellipse,sense2_b3-1-4.jpg
sense2_b3-1-5_IG1_full_set_1_pred_grains_re_scaled,2883,51.0,[49.8 51.9],82.7,[80.4 85.1],158.0,[152.6 164.7],279.7,[262.1 298. ],mm,a_axis,bootstrapping,ellipse,sense2_b3-1-5.jpg
sense2_b3-1-6_IG1_full_set_1_pred_grains_re_scaled,2170,48.3,[47.2 49.8],74.8,[73.  76.5],141.7,[133.8 149.2],233.4,[222.8 256.9],mm,a_axis,bootstrapping,ellipse,sense2_b3-1-6.jpg
sense2_b3-1-7_IG1_full_set_1_pred_grains_re_scaled,0,0.0,0.0,0.0,0.0,0.0,0.0,0.0,0.0,mm,a_axis,bootstrapping,ellipse,sense2_b3-1-7.jpg
sense2_b3-2-1_IG1_full_set_1_pred_grains_re_scaled,0,0.0,0.0,0.0,0.0,0.0,0.0,0.0,0.0,mm,a_axis,bootstrapping,ellipse,sense2_b3-2-1.jpg
sense2_b3-2-2_IG1_full_set_1_pred_grains_re_scaled,0,0.0,0.0,0.0,0.0,0.0,0.0,0.0,0.0,mm,a_axis,bootstrapping,ellipse,sense2_b3-2-2.jpg
sense2_b3-2-3_IG1_full_set_1_pred_grains_re_scaled,107,58.5,[52.2 63.6],94.2,[ 83.9 120.7],208.4,[170.8 258.7],333.9,[266.5 427. ],mm,a_axis,bootstrapping,ellipse,sense2_b3-2-3.jpg
sense2_b3-2-4_IG1_full_set_1_pred_grains_re_scaled,777,53.2,[51.3 55. ],93.2,[88.1 96.8],203.4,[181.5 221.3],373.3,[338.7 420.7],mm,a_axis,bootstrapping,ellipse,sense2_b3-2-4.jpg
sense2_b3-2-5_IG1_full_set_1_pred_grains_re_scaled,1798,55.4,[53.9 56.8],98.4,[ 95.  101.3],200.3,[192.  213.6],340.1,[317.9 369.8],mm,a_axis,bootstrapping,ellipse,sense2_b3-2-5.jpg
sense2_b3-2-6_IG1_full_set_1_pred_grains_re_scaled,2793,50.4,[49.5 51.9],82.9,[80.6 84.8],149.5,[144.9 155.7],259.0,[242.  279.4],mm,a_axis,bootstrapping,ellipse,sense2_b3-2-6.jpg
sense2_b3-2-7_IG1_full_set_1_pred_grains_re_scaled,872,48.6,[47.6 49.7],73.3,[70.8 75.7],122.3,[116.1 130.5],203.0,[179.2 218.3],mm,a_axis,bootstrapping,ellipse,sense2_b3-2-7.jpg
sense2_b3-3-4_IG1_full_set_1_pred_grains_re_scaled,0,0.0,0.0,0.0,0.0,0.0,0.0,0.0,0.0,mm,a_axis,bootstrapping,ellipse,sense2_b3-3-4.jpg
sense2_b3-3-5_IG1_full_set_1_pred_grains_re_scaled,759,55.8,[53.3 59.1],96.3,[ 91.  100.1],209.4,[194.5 232.8],398.1,[333.7 472.4],mm,a_axis,bootstrapping,ellipse,sense2_b3-3-5.jpg
sense2_b3-3-6_IG1_full_set_1_pred_grains_re_scaled,1906,55.1,[54.  56.7],94.0,[91. 98.],200.3,[191.5 208.8],333.4,[315.3 349. ],mm,a_axis,bootstrapping,ellipse,sense2_b3-3-6.jpg
sense2_b3-3-7_IG1_full_set_1_pred_grains_re_scaled,1854,48.9,[47.4 50. ],76.9,[74.7 78.6],133.9,[128.8 139.9],218.2,[205.5 233.6],mm,a_axis,bootstrapping,ellipse,sense2_b3-3-7.jpg
sense2_b3-4-6_IG1_full_set_1_pred_grains_re_scaled,37,82.0,[ 62.  104.6],162.6,[123.  227.9],288.6,[239.8 355.4],461.0,[291.  541.1],mm,a_axis,bootstrapping,ellipse,sense2_b3-4-6.jpg
sense2_b3-4-7_IG1_full_set_1_pred_grains_re_scaled,240,59.3,[55.9 65. ],100.6,[ 91.6 107.7],171.4,[154.1 191.4],292.5,[227.9 345.9],mm,a_axis,bootstrapping,ellipse,sense2_b3-4-7.jpg
