Image/Masks,number of grains,D16,CI D16 (95%),D50,CI D50 (95%),D84,CI D84 (95%),D96,CI D96 (95%),unit,axis,method,grain approximation,NAME
sense2_b4-0-0_IG1_full_set_1_pred_grains_re_scaled,1559,48.2,[47.2 49.7],72.7,[70.5 75.9],133.4,[129.4 139.8],229.4,[209.4 250.6],mm,a_axis,bootstrapping,ellipse,sense2_b4-0-0.jpg
sense2_b4-0-1_IG1_full_set_1_pred_grains_re_scaled,3472,46.5,[46.  47.2],68.0,[66.7 69.3],110.9,[108.5 114.1],172.0,[164.4 177.4],mm,a_axis,bootstrapping,ellipse,sense2_b4-0-1.jpg
sense2_b4-0-2_IG1_full_set_1_pred_grains_re_scaled,5298,45.7,[45.3 46.3],66.8,[65.9 67.6],110.1,[108.  112.7],168.5,[162.2 174.7],mm,a_axis,bootstrapping,ellipse,sense2_b4-0-2.jpg
sense2_b4-0-3_IG1_full_set_1_pred_grains_re_scaled,5341,46.1,[45.8 46.7],67.7,[66.6 68.8],113.2,[110.4 116.4],177.3,[170.8 183.8],mm,a_axis,bootstrapping,ellipse,sense2_b4-0-3.jpg
sense2_b4-0-4_IG1_full_set_1_pred_grains_re_scaled,3924,47.4,[46.8 47.9],69.7,[68.4 70.8],118.7,[115.8 121.7],190.8,[184.7 199.9],mm,a_axis,bootstrapping,ellipse,sense2_b4-0-4.jpg
sense2_b4-0-5_IG1_full_set_1_pred_grains_re_scaled,949,48.7,[47.3 50.4],76.6,[73.7 79.6],148.4,[138.6 157.1],267.2,[241.7 302.6],mm,a_axis,bootstrapping,ellipse,sense2_b4-0-5.jpg
sense2_b4-0-6_IG1_full_set_1_pred_grains_re_scaled,0,0.0,0.0,0.0,0.0,0.0,0.0,0.0,0.0,mm,a_axis,bootstrapping,ellipse,sense2_b4-0-6.jpg
sense2_b4-1-0_IG1_full_set_1_pred_grains_re_scaled,102,55.4,[52.6 64.7],101.1,[ 83.1 123. ],182.6,[169.6 225.4],318.3,[263.4 391.1],mm,a_axis,bootstrapping,ellipse,sense2_b4-1-0.jpg
sense2_b4-1-1_IG1_full_set_1_pred_grains_re_scaled,969,54.3,[51.7 56.5],89.6,[85.2 93.5],179.8,[166.7 194.7],278.1,[261.2 314.9],mm,a_axis,bootstrapping,ellipse,sense2_b4-1-1.jpg
sense2_b4-1-2_IG1_full_set_1_pred_grains_re_scaled,2550,48.8,[47.9 50. ],77.1,[75.2 79.1],142.0,[137.5 150.6],248.8,[230.9 263.8],mm,a_axis,bootstrapping,ellipse,sense2_b4-1-2.jpg
sense2_b4-1-3_IG1_full_set_1_pred_grains_re_scaled,3168,47.8,[47.2 48.5],69.4,[67.8 71. ],121.1,[117.  124.4],206.1,[191.9 219.2],mm,a_axis,bootstrapping,ellipse,sense2_b4-1-3.jpg
sense2_b4-1-4_IG1_full_set_1_pred_grains_re_scaled,5077,46.4,[45.9 47.1],68.0,[67.1 69.1],109.1,[107.  111.7],158.0,[154.1 162.3],mm,a_axis,bootstrapping,ellipse,sense2_b4-1-4.jpg
sense2_b4-1-5_IG1_full_set_1_pred_grains_re_scaled,5352,46.7,[46.2 47.2],69.5,[68.6 70.8],118.9,[115.8 122.3],183.1,[176.4 189.3],mm,a_axis,bootstrapping,ellipse,sense2_b4-1-5.jpg
sense2_b4-1-6_IG1_full_set_1_pred_grains_re_scaled,3899,50.2,[48.9 50.8],78.6,[77.2 80. ],142.7,[138.6 148.1],234.4,[220.7 246.3],mm,a_axis,bootstrapping,ellipse,sense2_b4-1-6.jpg
sense2_b4-1-7_IG1_full_set_1_pred_grains_re_scaled,1971,50.3,[49.5 51.6],80.2,[77.4 82.4],150.7,[143.8 158.1],268.6,[244.7 290.9],mm,a_axis,bootstrapping,ellipse,sense2_b4-1-7.jpg
sense2_b4-1-8_IG1_full_set_1_pred_grains_re_scaled,71,54.6,[50.3 60.8],92.5,[ 81.6 109.8],152.5,[131.  198.3],255.0,[174.5 300.8],mm,a_axis,bootstrapping,ellipse,sense2_b4-1-8.jpg
sense2_b4-2-3_IG1_full_set_1_pred_grains_re_scaled,0,0.0,0.0,0.0,0.0,0.0,0.0,0.0,0.0,mm,a_axis,bootstrapping,ellipse,sense2_b4-2-3.jpg
sense2_b4-2-4_IG1_full_set_1_pred_grains_re_scaled,247,52.8,[49.5 55.8],76.9,[70.7 84.4],131.1,[115.8 145.6],211.3,[171.3 227.2],mm,a_axis,bootstrapping,ellipse,sense2_b4-2-4.jpg
sense2_b4-2-5_IG1_full_set_1_pred_grains_re_scaled,1297,50.2,[48.6 51.5],82.0,[77.1 84.2],141.2,[134.3 147.6],238.4,[220.7 261.4],mm,a_axis,bootstrapping,ellipse,sense2_b4-2-5.jpg
sense2_b4-2-6_IG1_full_set_1_pred_grains_re_scaled,2263,51.1,[50.1 52. ],82.9,[80.9 85.6],148.8,[142.7 154.9],238.4,[231.6 257.4],mm,a_axis,bootstrapping,ellipse,sense2_b4-2-6.jpg
sense2_b4-2-7_IG1_full_set_1_pred_grains_re_scaled,2475,54.2,[53.  55.5],91.5,[89.1 94.3],175.7,[168.7 183.2],301.4,[285.9 314.7],mm,a_axis,bootstrapping,ellipse,sense2_b4-2-7.jpg
sense2_b4-2-8_IG1_full_set_1_pred_grains_re_scaled,904,52.9,[50.8 55.5],89.8,[87.1 93.3],165.7,[151.5 183.2],277.8,[260.4 301.5],mm,a_axis,bootstrapping,ellipse,sense2_b4-2-8.jpg
