Image/Masks,number of grains,D16,CI D16 (95%),D50,CI D50 (95%),D84,CI D84 (95%),D96,CI D96 (95%),unit,axis,method,grain approximation,NAME
sense2_b5-0-0_IG1_full_set_1_pred_grains_re_scaled,67,51.4,[43.8 56. ],80.0,[71.8 90.5],125.3,[111.4 141.7],175.3,[138.1 197.8],mm,a_axis,bootstrapping,ellipse,sense2_b5-0-0.jpg
sense2_b5-0-1_IG1_full_set_1_pred_grains_re_scaled,638,50.4,[48.3 52.3],77.9,[74.1 80.8],124.3,[118.6 139. ],196.6,[174.8 215.5],mm,a_axis,bootstrapping,ellipse,sense2_b5-0-1.jpg
sense2_b5-0-2_IG1_full_set_1_pred_grains_re_scaled,1118,49.5,[47.9 50.6],73.9,[71.3 77.8],121.6,[115.4 129.3],182.8,[170.8 189.4],mm,a_axis,bootstrapping,ellipse,sense2_b5-0-2.jpg
sense2_b5-0-3_IG1_full_set_1_pred_grains_re_scaled,1341,47.5,[46.3 48.8],74.5,[72.3 77.3],127.4,[120.8 132.8],196.5,[182.5 211.1],mm,a_axis,bootstrapping,ellipse,sense2_b5-0-3.jpg
sense2_b5-0-4_IG1_full_set_1_pred_grains_re_scaled,2278,49.6,[48.4 51. ],77.0,[75.  78.8],134.5,[130.7 138.8],196.9,[187.8 205.6],mm,a_axis,bootstrapping,ellipse,sense2_b5-0-4.jpg
sense2_b5-0-5_IG1_full_set_1_pred_grains_re_scaled,1856,51.1,[50.1 52.4],80.3,[78.3 83.2],144.5,[138.1 151.8],219.5,[211.6 232.4],mm,a_axis,bootstrapping,ellipse,sense2_b5-0-5.jpg
sense2_b5-0-6_IG1_full_set_1_pred_grains_re_scaled,84,50.3,[48.3 55.6],71.6,[66.3 81.4],121.1,[102.2 147.7],232.7,[142.9 320.1],mm,a_axis,bootstrapping,ellipse,sense2_b5-0-6.jpg
sense2_b5-1-0_IG1_full_set_1_pred_grains_re_scaled,1094,47.9,[46.5 49.6],71.3,[68.2 74.3],122.5,[116.3 128.1],173.4,[164.  184.1],mm,a_axis,bootstrapping,ellipse,sense2_b5-1-0.jpg
sense2_b5-1-1_IG1_full_set_1_pred_grains_re_scaled,2536,48.0,[47.1 48.9],72.0,[70.7 73.7],117.2,[114.1 121. ],171.7,[163.5 178.4],mm,a_axis,bootstrapping,ellipse,sense2_b5-1-1.jpg
sense2_b5-1-2_IG1_full_set_1_pred_grains_re_scaled,1871,46.8,[46.  47.6],72.4,[69.8 74.4],124.7,[121.2 129.4],196.7,[184.8 205.4],mm,a_axis,bootstrapping,ellipse,sense2_b5-1-2.jpg
sense2_b5-1-3_IG1_full_set_1_pred_grains_re_scaled,2095,50.1,[49.3 51.6],77.1,[75.5 79.5],129.4,[124.2 133.5],190.6,[179.6 200.6],mm,a_axis,bootstrapping,ellipse,sense2_b5-1-3.jpg
sense2_b5-1-4_IG1_full_set_1_pred_grains_re_scaled,1540,49.9,[48.5 51.3],78.6,[76.1 81. ],133.1,[129.2 140.6],201.3,[190.8 218.9],mm,a_axis,bootstrapping,ellipse,sense2_b5-1-4.jpg
sense2_b5-1-5_IG1_full_set_1_pred_grains_re_scaled,6,45.3,[42.5 64.9],60.6,[44.4 94.9],77.6,[ 57.9 123.7],112.2,[ 63.2 123.7],mm,a_axis,bootstrapping,ellipse,sense2_b5-1-5.jpg
sense2_b5-2-0_IG1_full_set_1_pred_grains_re_scaled,0,0.0,0.0,0.0,0.0,0.0,0.0,0.0,0.0,mm,a_axis,bootstrapping,ellipse,sense2_b5-2-0.jpg
sense2_b5-2-1_IG1_full_set_1_pred_grains_re_scaled,77,45.3,[42.  51.1],69.7,[62.2 86.4],128.7,[105.2 146.6],171.3,[142.4 209.9],mm,a_axis,bootstrapping,ellipse,sense2_b5-2-1.jpg
sense2_b5-2-2_IG1_full_set_1_pred_grains_re_scaled,1012,49.5,[48.3 50.5],72.9,[70.5 74.7],109.0,[105.2 114.5],153.7,[146. 162.],mm,a_axis,bootstrapping,ellipse,sense2_b5-2-2.jpg
sense2_b5-2-3_IG1_full_set_1_pred_grains_re_scaled,569,49.3,[47.3 50.8],72.1,[69.7 74.9],126.8,[118.1 137.1],184.6,[177.8 210.1],mm,a_axis,bootstrapping,ellipse,sense2_b5-2-3.jpg
sense2_b5-2-4_IG1_full_set_1_pred_grains_re_scaled,0,0.0,0.0,0.0,0.0,0.0,0.0,0.0,0.0,mm,a_axis,bootstrapping,ellipse,sense2_b5-2-4.jpg
