Image/Masks,number of grains,D16,CI D16 (95%),D50,CI D50 (95%),D84,CI D84 (95%),D96,CI D96 (95%),unit,axis,method,grain approximation,NAME
sense2_b6-0-1_IG1_full_set_1_pred_grains_re_scaled,0,0.0,0.0,0.0,0.0,0.0,0.0,0.0,0.0,mm,a_axis,bootstrapping,ellipse,sense2_b6-0-1.jpg
sense2_b6-0-2_IG1_full_set_1_pred_grains_re_scaled,168,54.6,[50.  60.3],89.8,[82.5 97.4],169.7,[154.9 200.9],237.1,[214.6 275.9],mm,a_axis,bootstrapping,ellipse,sense2_b6-0-2.jpg
sense2_b6-0-3_IG1_full_set_1_pred_grains_re_scaled,1351,47.7,[46.8 49.2],70.6,[68.5 72.8],116.9,[112.7 121.9],184.7,[167.5 200.6],mm,a_axis,bootstrapping,ellipse,sense2_b6-0-3.jpg
sense2_b6-0-4_IG1_full_set_1_pred_grains_re_scaled,1744,46.2,[45.4 47.3],67.4,[65.7 69.3],110.0,[106.5 115.6],169.4,[163.4 184.7],mm,a_axis,bootstrapping,ellipse,sense2_b6-0-4.jpg
sense2_b6-0-5_IG1_full_set_1_pred_grains_re_scaled,2616,47.6,[46.9 48.5],72.5,[70.9 73.9],119.3,[115.5 121.7],175.2,[166.2 186.3],mm,a_axis,bootstrapping,ellipse,sense2_b6-0-5.jpg
sense2_b6-0-6_IG1_full_set_1_pred_grains_re_scaled,1600,50.6,[49.3 52. ],80.1,[77.6 83. ],140.2,[135. 146.],219.0,[207.8 233.5],mm,a_axis,bootstrapping,ellipse,sense2_b6-0-6.jpg
sense2_b6-0-7_IG1_full_set_1_pred_grains_re_scaled,758,51.0,[49.1 53.8],82.7,[78.9 87. ],162.5,[146.7 174.2],256.8,[235.8 288. ],mm,a_axis,bootstrapping,ellipse,sense2_b6-0-7.jpg
sense2_b6-0-8_IG1_full_set_1_pred_grains_re_scaled,24,53.3,[37.1 70.6],89.1,[ 68.9 138.9],191.2,[116.1 224.8],236.5,[189.3 370.8],mm,a_axis,bootstrapping,ellipse,sense2_b6-0-8.jpg
sense2_b6-1-0_IG1_full_set_1_pred_grains_re_scaled,21,43.3,[37.8 55.7],75.2,[55.1 96.3],104.2,[ 94.5 128. ],130.6,[102.9 141. ],mm,a_axis,bootstrapping,ellipse,sense2_b6-1-0.jpg
sense2_b6-1-1_IG1_full_set_1_pred_grains_re_scaled,1275,47.8,[46.5 48.6],68.6,[67.1 70.8],105.0,[100.8 109.4],146.2,[138.7 155.9],mm,a_axis,bootstrapping,ellipse,sense2_b6-1-1.jpg
sense2_b6-1-2_IG1_full_set_1_pred_grains_re_scaled,1072,50.4,[48.9 52.6],83.8,[81.6 88. ],148.5,[142.2 159.3],220.0,[210.1 239.5],mm,a_axis,bootstrapping,ellipse,sense2_b6-1-2.jpg
sense2_b6-1-3_IG1_full_set_1_pred_grains_re_scaled,1832,47.3,[46.5 48.3],70.8,[69.1 72.6],118.1,[113. 124.],184.2,[172.9 194.1],mm,a_axis,bootstrapping,ellipse,sense2_b6-1-3.jpg
sense2_b6-1-4_IG1_full_set_1_pred_grains_re_scaled,2061,47.3,[46.4 48.2],69.7,[67.9 71.7],113.9,[110.6 118. ],170.7,[164.  175.5],mm,a_axis,bootstrapping,ellipse,sense2_b6-1-4.jpg
sense2_b6-1-5_IG1_full_set_1_pred_grains_re_scaled,2244,48.3,[47.5 49.4],74.2,[72.8 76. ],123.3,[120.  127.6],179.3,[172.4 191.4],mm,a_axis,bootstrapping,ellipse,sense2_b6-1-5.jpg
sense2_b6-1-6_IG1_full_set_1_pred_grains_re_scaled,2255,47.3,[46.5 48.6],71.7,[69.8 73.8],118.7,[114.  123.4],175.7,[170.8 185.2],mm,a_axis,bootstrapping,ellipse,sense2_b6-1-6.jpg
sense2_b6-1-7_IG1_full_set_1_pred_grains_re_scaled,1878,51.1,[50.1 52.2],79.5,[77.2 83. ],145.6,[139.1 152.5],220.5,[209.4 235.4],mm,a_axis,bootstrapping,ellipse,sense2_b6-1-7.jpg
sense2_b6-1-8_IG1_full_set_1_pred_grains_re_scaled,518,55.1,[53.1 60. ],99.9,[ 90.9 109.6],193.7,[180.9 214.8],314.1,[279.6 342.3],mm,a_axis,bootstrapping,ellipse,sense2_b6-1-8.jpg
sense2_b6-1-9_IG1_full_set_1_pred_grains_re_scaled,532,57.3,[54.5 60.3],97.4,[ 92.7 103.5],176.5,[163.  194.1],251.5,[236.3 286.6],mm,a_axis,bootstrapping,ellipse,sense2_b6-1-9.jpg
sense2_b6-2-0_IG1_full_set_1_pred_grains_re_scaled,680,46.5,[45.  47.8],65.0,[63.  68.1],92.9,[89.2 97.4],125.7,[115.8 135.2],mm,a_axis,bootstrapping,ellipse,sense2_b6-2-0.jpg
sense2_b6-2-1_IG1_full_set_1_pred_grains_re_scaled,474,49.1,[47.6 51.3],67.4,[65.2 70.1],104.8,[ 97.  109.1],137.6,[126.4 150.7],mm,a_axis,bootstrapping,ellipse,sense2_b6-2-1.jpg
sense2_b6-2-2_IG1_full_set_1_pred_grains_re_scaled,194,50.8,[47.5 55.8],85.2,[76.6 93.4],150.0,[128.7 167.8],208.7,[185.8 247. ],mm,a_axis,bootstrapping,ellipse,sense2_b6-2-2.jpg
sense2_b6-2-3_IG1_full_set_1_pred_grains_re_scaled,188,48.7,[45.4 50.6],67.4,[62.5 74.7],104.6,[ 97.9 112.4],146.3,[128.3 166.8],mm,a_axis,bootstrapping,ellipse,sense2_b6-2-3.jpg
sense2_b6-2-4_IG1_full_set_1_pred_grains_re_scaled,359,45.7,[44.1 47.6],66.4,[63. 69.],101.6,[ 95.8 108.4],156.3,[124.1 170. ],mm,a_axis,bootstrapping,ellipse,sense2_b6-2-4.jpg
sense2_b6-2-5_IG1_full_set_1_pred_grains_re_scaled,707,47.2,[46.1 49.3],69.5,[66.9 73.4],114.0,[105.3 117.9],156.9,[149.4 166.3],mm,a_axis,bootstrapping,ellipse,sense2_b6-2-5.jpg
sense2_b6-2-6_IG1_full_set_1_pred_grains_re_scaled,1301,47.2,[46.4 48.2],71.2,[68.6 72.5],118.5,[112.3 125.3],191.4,[179.4 209.7],mm,a_axis,bootstrapping,ellipse,sense2_b6-2-6.jpg
sense2_b6-2-7_IG1_full_set_1_pred_grains_re_scaled,989,49.2,[47.6 50.7],77.7,[73.8 80.4],149.6,[137.6 160.5],257.5,[233.  290.7],mm,a_axis,bootstrapping,ellipse,sense2_b6-2-7.jpg
sense2_b6-2-8_IG1_full_set_1_pred_grains_re_scaled,904,56.1,[54.  58.2],95.9,[ 91.8 101.7],181.0,[172.1 193.2],285.2,[258.7 347.8],mm,a_axis,bootstrapping,ellipse,sense2_b6-2-8.jpg
sense2_b6-2-9_IG1_full_set_1_pred_grains_re_scaled,388,55.5,[53.6 58.8],97.8,[ 88.6 108.6],197.3,[179.1 233.4],334.1,[290.8 373.2],mm,a_axis,bootstrapping,ellipse,sense2_b6-2-9.jpg
sense2_b6-3-6_IG1_full_set_1_pred_grains_re_scaled,0,0.0,0.0,0.0,0.0,0.0,0.0,0.0,0.0,mm,a_axis,bootstrapping,ellipse,sense2_b6-3-6.jpg
sense2_b6-3-7_IG1_full_set_1_pred_grains_re_scaled,6,75.8,[74.2 81.7],80.6,[75.3 92.6],87.2,[ 79.1 101.5],97.9,[ 82.  101.5],mm,a_axis,bootstrapping,ellipse,sense2_b6-3-7.jpg
sense2_b6-3-8_IG1_full_set_1_pred_grains_re_scaled,0,0.0,0.0,0.0,0.0,0.0,0.0,0.0,0.0,mm,a_axis,bootstrapping,ellipse,sense2_b6-3-8.jpg
