Image/Masks,number of grains,D16,CI D16 (95%),D50,CI D50 (95%),D84,CI D84 (95%),D96,CI D96 (95%),unit,axis,method,grain approximation,NAME
sense2_b7-0-0_IG1_full_set_1_pred_grains_re_scaled,1325,49.0,[47.6 50.4],74.6,[72.2 76.3],129.9,[123.7 136.3],204.2,[194.7 218.1],mm,a_axis,bootstrapping,ellipse,sense2_b7-0-0.jpg
sense2_b7-0-1_IG1_full_set_1_pred_grains_re_scaled,1197,50.0,[48.4 51.5],78.2,[75.8 81.5],141.2,[134.6 149.5],234.8,[215.  253.6],mm,a_axis,bootstrapping,ellipse,sense2_b7-0-1.jpg
sense2_b7-0-2_IG1_full_set_1_pred_grains_re_scaled,561,53.8,[51.  56.2],87.0,[81.2 92.6],160.9,[146.5 173.9],251.4,[231.2 282.9],mm,a_axis,bootstrapping,ellipse,sense2_b7-0-2.jpg
sense2_b7-0-3_IG1_full_set_1_pred_grains_re_scaled,159,56.1,[51.1 62.8],99.8,[ 87.6 120.9],184.9,[169.6 222.1],292.7,[245.4 350.3],mm,a_axis,bootstrapping,ellipse,sense2_b7-0-3.jpg
sense2_b7-1-0_IG1_full_set_1_pred_grains_re_scaled,278,50.6,[48.  53.3],75.9,[71.2 82.9],127.4,[116.3 139.9],185.5,[163.6 205.2],mm,a_axis,bootstrapping,ellipse,sense2_b7-1-0.jpg
sense2_b7-1-1_IG1_full_set_1_pred_grains_re_scaled,1292,50.2,[48.8 51.5],75.0,[72.8 76.9],130.6,[122.7 138. ],205.1,[191.9 220.1],mm,a_axis,bootstrapping,ellipse,sense2_b7-1-1.jpg
sense2_b7-1-2_IG1_full_set_1_pred_grains_re_scaled,1520,50.9,[49.3 51.8],77.7,[76.1 79.9],137.5,[132.4 143.9],224.6,[202.7 238.3],mm,a_axis,bootstrapping,ellipse,sense2_b7-1-2.jpg
sense2_b7-1-3_IG1_full_set_1_pred_grains_re_scaled,1276,50.8,[48.6 52.7],81.2,[78.3 84.1],144.4,[136.3 151.4],224.4,[210.8 238.1],mm,a_axis,bootstrapping,ellipse,sense2_b7-1-3.jpg
sense2_b7-1-4_IG1_full_set_1_pred_grains_re_scaled,448,50.4,[47.3 53.2],78.8,[75.1 82.1],143.5,[129.6 156. ],224.7,[210.1 244.8],mm,a_axis,bootstrapping,ellipse,sense2_b7-1-4.jpg
sense2_b7-1-5_IG1_full_set_1_pred_grains_re_scaled,179,53.8,[47.2 62.5],91.2,[85.4 98.4],152.9,[131.4 172.9],239.0,[200.4 258.7],mm,a_axis,bootstrapping,ellipse,sense2_b7-1-5.jpg
sense2_b7-1-6_IG1_full_set_1_pred_grains_re_scaled,340,51.4,[47.7 54.4],79.5,[73.4 87. ],145.9,[133.  167.4],249.4,[211.5 269.8],mm,a_axis,bootstrapping,ellipse,sense2_b7-1-6.jpg
sense2_b7-1-7_IG1_full_set_1_pred_grains_re_scaled,261,55.5,[51.3 59. ],88.5,[83.6 98. ],194.2,[164.3 219.9],284.7,[258.8 359.8],mm,a_axis,bootstrapping,ellipse,sense2_b7-1-7.jpg
sense2_b7-1-8_IG1_full_set_1_pred_grains_re_scaled,150,57.6,[55.6 64. ],102.0,[ 91.7 119.2],196.1,[173.2 225.1],266.0,[243.3 348.7],mm,a_axis,bootstrapping,ellipse,sense2_b7-1-8.jpg
sense2_b7-1-9_IG1_full_set_1_pred_grains_re_scaled,98,59.6,[49.9 68.5],104.2,[ 90.3 138.4],234.4,[213.6 295.5],336.3,[297.8 417.5],mm,a_axis,bootstrapping,ellipse,sense2_b7-1-9.jpg
sense2_b7-1-10_IG1_full_set_1_pred_grains_re_scaled,0,0.0,0.0,0.0,0.0,0.0,0.0,0.0,0.0,mm,a_axis,bootstrapping,ellipse,sense2_b7-1-10.jpg
sense2_b7-2-3_IG1_full_set_1_pred_grains_re_scaled,59,49.0,[44.5 55.5],66.3,[58.6 75.3],104.0,[ 89.7 155.6],178.8,[117.  234.4],mm,a_axis,bootstrapping,ellipse,sense2_b7-2-3.jpg
sense2_b7-2-4_IG1_full_set_1_pred_grains_re_scaled,564,50.3,[47.4 52.3],73.8,[71.2 78.8],131.0,[123.9 140.9],218.6,[195.8 243.3],mm,a_axis,bootstrapping,ellipse,sense2_b7-2-4.jpg
sense2_b7-2-5_IG1_full_set_1_pred_grains_re_scaled,922,52.8,[50.9 54.1],86.9,[83.8 89.9],165.4,[156.  176.5],271.3,[248.8 289.9],mm,a_axis,bootstrapping,ellipse,sense2_b7-2-5.jpg
sense2_b7-2-6_IG1_full_set_1_pred_grains_re_scaled,1094,49.8,[48.7 51.9],79.1,[75.3 82.6],154.6,[143.9 162.6],271.1,[253.6 287.6],mm,a_axis,bootstrapping,ellipse,sense2_b7-2-6.jpg
sense2_b7-2-7_IG1_full_set_1_pred_grains_re_scaled,1075,54.2,[52.5 56.1],88.8,[84.9 93.2],178.7,[166.8 187.4],274.1,[256.8 300.3],mm,a_axis,bootstrapping,ellipse,sense2_b7-2-7.jpg
sense2_b7-2-8_IG1_full_set_1_pred_grains_re_scaled,411,63.1,[60.2 69.9],106.6,[ 98.2 113. ],212.8,[191.2 232.5],325.8,[302.9 375.8],mm,a_axis,bootstrapping,ellipse,sense2_b7-2-8.jpg
sense2_b7-2-9_IG1_full_set_1_pred_grains_re_scaled,510,67.3,[61.3 72.4],122.5,[112.9 132.5],240.7,[226.7 268.3],384.8,[331.2 445.5],mm,a_axis,bootstrapping,ellipse,sense2_b7-2-9.jpg
sense2_b7-2-10_IG1_full_set_1_pred_grains_re_scaled,177,64.7,[55.2 74.4],128.6,[111.8 144.7],260.9,[226.7 299.6],381.7,[330.6 449.4],mm,a_axis,bootstrapping,ellipse,sense2_b7-2-10.jpg
sense2_b7-3-6_IG1_full_set_1_pred_grains_re_scaled,0,0.0,0.0,0.0,0.0,0.0,0.0,0.0,0.0,mm,a_axis,bootstrapping,ellipse,sense2_b7-3-6.jpg
sense2_b7-3-7_IG1_full_set_1_pred_grains_re_scaled,258,58.7,[55.  63.6],101.1,[ 93.  113.8],189.9,[167.7 221.5],280.6,[239.9 303.8],mm,a_axis,bootstrapping,ellipse,sense2_b7-3-7.jpg
sense2_b7-3-8_IG1_full_set_1_pred_grains_re_scaled,397,62.0,[58.4 67. ],113.5,[105.3 120.4],227.6,[203.2 257.8],369.4,[320.9 429.6],mm,a_axis,bootstrapping,ellipse,sense2_b7-3-8.jpg
sense2_b7-3-9_IG1_full_set_1_pred_grains_re_scaled,687,62.0,[59.1 66.1],108.2,[101.6 115. ],215.1,[197.5 239.2],350.5,[323.5 401. ],mm,a_axis,bootstrapping,ellipse,sense2_b7-3-9.jpg
sense2_b7-3-10_IG1_full_set_1_pred_grains_re_scaled,438,59.4,[56.  62.8],100.1,[ 92.2 106.5],189.6,[175.6 210.6],310.4,[271.3 362.9],mm,a_axis,bootstrapping,ellipse,sense2_b7-3-10.jpg
sense2_b7-4-7_IG1_full_set_1_pred_grains_re_scaled,0,0.0,0.0,0.0,0.0,0.0,0.0,0.0,0.0,mm,a_axis,bootstrapping,ellipse,sense2_b7-4-7.jpg
sense2_b7-4-8_IG1_full_set_1_pred_grains_re_scaled,1442,55.1,[53.6 57.5],94.7,[90.8 97.2],162.3,[156.2 168.2],228.3,[218.6 241.9],mm,a_axis,bootstrapping,ellipse,sense2_b7-4-8.jpg
sense2_b7-4-9_IG1_full_set_1_pred_grains_re_scaled,1886,51.5,[50.6 52.5],78.0,[76.4 79.5],129.8,[125.6 137.4],203.4,[195.4 215.1],mm,a_axis,bootstrapping,ellipse,sense2_b7-4-9.jpg
sense2_b7-4-10_IG1_full_set_1_pred_grains_re_scaled,329,52.8,[48.4 56.4],82.6,[77.8 89.2],136.6,[124.3 149.9],215.9,[181.8 248.5],mm,a_axis,bootstrapping,ellipse,sense2_b7-4-10.jpg
sense2_b7-4-20_IG1_full_set_1_pred_grains_re_scaled,0,0.0,0.0,0.0,0.0,0.0,0.0,0.0,0.0,mm,a_axis,bootstrapping,ellipse,sense2_b7-4-20.jpg
sense2_b7-4-21_IG1_full_set_1_pred_grains_re_scaled,191,55.7,[50.1 61.7],88.1,[80.6 93.9],156.4,[148.1 181. ],240.8,[219.8 288.3],mm,a_axis,bootstrapping,ellipse,sense2_b7-4-21.jpg
sense2_b7-4-22_IG1_full_set_1_pred_grains_re_scaled,1606,46.8,[45.8 47.6],67.7,[65.9 69.5],111.4,[107.7 114.3],164.7,[157.1 178. ],mm,a_axis,bootstrapping,ellipse,sense2_b7-4-22.jpg
sense2_b7-4-23_IG1_full_set_1_pred_grains_re_scaled,1800,47.1,[46.1 48.2],68.6,[66.5 70.7],111.7,[106.9 115.6],167.4,[155.  179.7],mm,a_axis,bootstrapping,ellipse,sense2_b7-4-23.jpg
sense2_b7-4-24_IG1_full_set_1_pred_grains_re_scaled,2453,48.2,[47.4 49.2],72.6,[70.7 74.1],120.3,[116.5 124. ],178.9,[169.7 187.8],mm,a_axis,bootstrapping,ellipse,sense2_b7-4-24.jpg
sense2_b7-4-25_IG1_full_set_1_pred_grains_re_scaled,1400,50.0,[48.7 51.3],79.9,[77.6 83.6],139.6,[132.1 147.4],219.1,[210.5 232.5],mm,a_axis,bootstrapping,ellipse,sense2_b7-4-25.jpg
sense2_b7-4-26_IG1_full_set_1_pred_grains_re_scaled,491,52.2,[49.8 55.3],83.9,[79.6 90. ],174.0,[160.  186.9],270.5,[237.7 301.5],mm,a_axis,bootstrapping,ellipse,sense2_b7-4-26.jpg
sense2_b7-4-27_IG1_full_set_1_pred_grains_re_scaled,0,0.0,0.0,0.0,0.0,0.0,0.0,0.0,0.0,mm,a_axis,bootstrapping,ellipse,sense2_b7-4-27.jpg
sense2_b7-5-8_IG1_full_set_1_pred_grains_re_scaled,0,0.0,0.0,0.0,0.0,0.0,0.0,0.0,0.0,mm,a_axis,bootstrapping,ellipse,sense2_b7-5-8.jpg
sense2_b7-5-9_IG1_full_set_1_pred_grains_re_scaled,0,0.0,0.0,0.0,0.0,0.0,0.0,0.0,0.0,mm,a_axis,bootstrapping,ellipse,sense2_b7-5-9.jpg
sense2_b7-5-19_IG1_full_set_1_pred_grains_re_scaled,83,45.9,[42.5 52.8],64.3,[59.5 71.8],86.1,[79.2 90.6],103.5,[ 90.4 121.2],mm,a_axis,bootstrapping,ellipse,sense2_b7-5-19.jpg
sense2_b7-5-20_IG1_full_set_1_pred_grains_re_scaled,1169,49.2,[47.9 50.1],71.1,[69.3 72.6],109.6,[105.6 113.8],156.5,[148.1 167.5],mm,a_axis,bootstrapping,ellipse,sense2_b7-5-20.jpg
sense2_b7-5-21_IG1_full_set_1_pred_grains_re_scaled,1312,50.6,[49.5 52.2],82.6,[79.8 85.3],142.9,[137.  148.2],212.6,[200.3 224.6],mm,a_axis,bootstrapping,ellipse,sense2_b7-5-21.jpg
sense2_b7-5-22_IG1_full_set_1_pred_grains_re_scaled,1979,47.7,[46.6 48.8],70.5,[69.1 71.9],115.8,[111.2 120.5],175.1,[166.8 184.1],mm,a_axis,bootstrapping,ellipse,sense2_b7-5-22.jpg
sense2_b7-5-23_IG1_full_set_1_pred_grains_re_scaled,2042,47.6,[46.6 48.4],70.8,[69.1 73. ],113.7,[110.9 119. ],169.1,[164.5 175.5],mm,a_axis,bootstrapping,ellipse,sense2_b7-5-23.jpg
sense2_b7-5-24_IG1_full_set_1_pred_grains_re_scaled,2264,48.1,[46.9 49.1],73.8,[72.1 75.1],123.4,[118.9 127.8],180.0,[173.9 190.4],mm,a_axis,bootstrapping,ellipse,sense2_b7-5-24.jpg
sense2_b7-5-25_IG1_full_set_1_pred_grains_re_scaled,2239,47.6,[47.  48.7],73.6,[71.9 75.5],125.3,[119.9 130. ],182.0,[173.9 190.9],mm,a_axis,bootstrapping,ellipse,sense2_b7-5-25.jpg
sense2_b7-5-26_IG1_full_set_1_pred_grains_re_scaled,1677,51.9,[50.4 53.3],81.3,[78.  83.9],150.3,[144.  157.2],234.7,[221.9 247.6],mm,a_axis,bootstrapping,ellipse,sense2_b7-5-26.jpg
sense2_b7-5-27_IG1_full_set_1_pred_grains_re_scaled,510,55.0,[53.2 59.2],99.7,[ 90.5 109.9],202.0,[189.8 223.8],309.5,[286.6 334.7],mm,a_axis,bootstrapping,ellipse,sense2_b7-5-27.jpg
sense2_b7-5-28_IG1_full_set_1_pred_grains_re_scaled,314,57.4,[51.6 62. ],100.8,[ 92.8 108.1],176.7,[156.5 190.6],247.6,[234.2 286.8],mm,a_axis,bootstrapping,ellipse,sense2_b7-5-28.jpg
sense2_b7-6-18_IG1_full_set_1_pred_grains_re_scaled,0,0.0,0.0,0.0,0.0,0.0,0.0,0.0,0.0,mm,a_axis,bootstrapping,ellipse,sense2_b7-6-18.jpg
sense2_b7-6-19_IG1_full_set_1_pred_grains_re_scaled,873,46.6,[45.4 47.9],64.6,[62.7 67.3],94.1,[90.5 98.6],128.4,[120.7 139.2],mm,a_axis,bootstrapping,ellipse,sense2_b7-6-19.jpg
sense2_b7-6-20_IG1_full_set_1_pred_grains_re_scaled,380,50.0,[47.2 52.3],69.8,[64.9 73.7],108.5,[ 97.8 117.4],149.8,[130.9 161.8],mm,a_axis,bootstrapping,ellipse,sense2_b7-6-20.jpg
sense2_b7-6-21_IG1_full_set_1_pred_grains_re_scaled,301,47.6,[44.6 51.6],76.9,[72.3 82.8],128.1,[116.  145.9],202.8,[174.2 224.7],mm,a_axis,bootstrapping,ellipse,sense2_b7-6-21.jpg
sense2_b7-6-22_IG1_full_set_1_pred_grains_re_scaled,161,45.7,[44.  49.3],64.6,[60.5 71.1],103.8,[ 94.7 114.1],143.4,[126.4 169.2],mm,a_axis,bootstrapping,ellipse,sense2_b7-6-22.jpg
sense2_b7-6-23_IG1_full_set_1_pred_grains_re_scaled,495,44.8,[43.1 46.7],65.7,[62.8 67.7],99.4,[ 94.4 104.3],147.7,[127.4 165.5],mm,a_axis,bootstrapping,ellipse,sense2_b7-6-23.jpg
sense2_b7-6-24_IG1_full_set_1_pred_grains_re_scaled,1082,46.9,[45.8 48.5],69.1,[67.2 71.7],110.4,[103.9 115.9],156.9,[149.6 163.9],mm,a_axis,bootstrapping,ellipse,sense2_b7-6-24.jpg
sense2_b7-6-25_IG1_full_set_1_pred_grains_re_scaled,1215,48.8,[47.7 50. ],72.2,[69.7 75.2],120.7,[114.2 127.5],194.4,[181.3 210.4],mm,a_axis,bootstrapping,ellipse,sense2_b7-6-25.jpg
sense2_b7-6-26_IG1_full_set_1_pred_grains_re_scaled,995,50.0,[48.6 51.2],78.8,[75.5 81.9],149.0,[137.7 156.9],257.4,[235.8 282.1],mm,a_axis,bootstrapping,ellipse,sense2_b7-6-26.jpg
sense2_b7-6-27_IG1_full_set_1_pred_grains_re_scaled,951,57.3,[53.8 59.5],97.0,[ 92.5 102.9],182.9,[174.7 195.4],306.9,[270.6 336.7],mm,a_axis,bootstrapping,ellipse,sense2_b7-6-27.jpg
sense2_b7-6-28_IG1_full_set_1_pred_grains_re_scaled,286,53.6,[51. 58.],89.3,[81.1 95.1],181.1,[164.7 197.4],290.4,[264.5 332.5],mm,a_axis,bootstrapping,ellipse,sense2_b7-6-28.jpg
sense2_b7-7-25_IG1_full_set_1_pred_grains_re_scaled,0,0.0,0.0,0.0,0.0,0.0,0.0,0.0,0.0,mm,a_axis,bootstrapping,ellipse,sense2_b7-7-25.jpg
sense2_b7-7-26_IG1_full_set_1_pred_grains_re_scaled,71,56.7,[51.  67.2],93.9,[ 78.2 107.8],155.3,[123.4 177.6],234.8,[165.1 274.7],mm,a_axis,bootstrapping,ellipse,sense2_b7-7-26.jpg
sense2_b7-7-27_IG1_full_set_1_pred_grains_re_scaled,2,130.3,[122.5 174.4],148.5,[122.5 174.4],166.1,[122.5 174.4],172.3,[122.5 174.4],mm,a_axis,bootstrapping,ellipse,sense2_b7-7-27.jpg
